	mRNA	log(FC)	Expression
17	COL11A1	4.622132	Up
19	COL1A2	4.2656767	Up
13	COL10A1	4.0129792	Up
100	CTHRC1	3.8818725	Up
206	ASPM	3.784441	Up
87	ASPN	3.6971226	Up
188	FBN1	3.583416	Up
85	LRRC15	3.5174998	Up
162	FNDC1	3.5055647	Up
52	VCAN	3.3310958	Up
1148	TOP2A	3.3218141	Up
315	VCAN	3.2835411	Up
254	FN1	3.2587985	Up
29	COL11A1	3.2476569	Up
628	ANGPT2	3.0378149	Up
150	FBN1	3.0317376	Up
61	COL5A2	3.0316958	Up
1032	LYZ	3.0133655	Up
139	FN1	3.0096155	Up
14	COL1A1	2.9905603	Up
26	COL1A1	2.9898025	Up
1192	VCAN	2.9626992	Up
341	CLEC7A	2.956147	Up
168	FN1	2.9538402	Up
1270	TOP2A	2.9157019	Up
316	TACC3	2.9035155	Up
432	INHBA	2.8873032	Up
126	MMP11	2.8838468	Up
201	FAR2	2.8799896	Up
371	TCF4	2.8704126	Up
697	KIF23	2.8521854	Up
109	LAMP5	2.8483043	Up
33	THBS2	2.841658	Up
145	WISP1	2.8135482	Up
809	FAP	2.7989536	Up
592	LOXL1	2.7983061	Up
117	FN1	2.7948262	Up
416	BUB1	2.7939042	Up
383	ASPN	2.7911401	Up
119	FBXO11	2.7695179	Up
502	KIF20A	2.7637047	Up
782		2.7586679	Up
667	HMMR	2.7572599	Up
214	COL10A1	2.7364731	Up
360	SFRP2	2.7239607	Up
58	COL3A1	2.7194436	Up
255	COMP	2.6924845	Up
493	TRIM59///IFT80	2.6913859	Up
210	COL1A2	2.6865851	Up
431	COL5A2	2.6757558	Up
702		2.6644212	Up
118	PPM1D	2.6552018	Up
659	NEK2	2.6469289	Up
252	HSD17B6	2.6436248	Up
104	BGN	2.641368	Up
767	ADAMTS2	2.6399545	Up
222	COL5A1	2.593865	Up
753	SAMD9	2.5747225	Up
136	IREB2	2.5658979	Up
247	CSGALNACT2	2.5645614	Up
127	COL1A2	2.5502025	Up
1552	COL4A1	2.5438928	Up
1223	ADAM12	2.5391919	Up
1566	EDNRA	2.5368696	Up
176	HIST1H3F///HIST1H3B///HIST1H3H///HIST1H3J///HIST1H3G///HIST1H3I///HIST1H3E///HIST1H3C///HIST1H3D///HIST1H3A///HIST1H2AD	2.5315718	Up
498	HS3ST3B1	2.4946956	Up
900	LOX	2.4799072	Up
204		2.4720021	Up
50	COL3A1	2.4648389	Up
755	COL8A1	2.4589685	Up
358	CWF19L2	2.4496448	Up
72	P4HA3	2.4051285	Up
1137	DYNC2LI1	2.392717	Up
835	DNM3OS	2.3827365	Up
844	HDGFRP3	2.3782691	Up
265	NRP2	2.3587421	Up
1665	CLEC2B	2.3583915	Up
276	POSTN	2.3538937	Up
59	COL3A1	2.3477889	Up
137	CXCL10	2.3145647	Up
93	VCAN	2.3130183	Up
67	COL1A1	2.3111881	Up
654	FBN1	2.3071575	Up
399	NCOA3	2.3012172	Up
530	C9orf72	2.2999925	Up
1289	LEF1	2.2940983	Up
1220	GNA13	2.2920984	Up
627	COL3A1	2.2848985	Up
68	VCAN	2.283893	Up
227	STAT1	2.2826072	Up
1439	C5AR1	2.2744798	Up
1715	CDK1	2.2618444	Up
475	DOCK1	2.2595484	Up
2090	CXCL11	2.2591803	Up
239	HIST1H2BJ///HIST1H2BG	2.2578907	Up
521		2.252029	Up
287	RSAD2	2.2467894	Up
241	CENPF	2.2416032	Up
594	NINJ2	2.2353896	Up
394	HSD17B6	2.2258221	Up
92	LOC100507291	2.2140564	Up
1955	CCNB1	2.208809	Up
478	INHBA	2.2087611	Up
1340	ZNF382	2.2062637	Up
1285	OAS1	2.2027026	Up
1308		2.1965698	Up
433	CDH11	2.1945482	Up
615	SAMD9	2.1870534	Up
649	IFI6	2.1845104	Up
3413	SMC4	2.1841906	Up
278	GDAP1	2.1706913	Up
207	COL5A1	2.1695713	Up
598	TMEM119	2.1689236	Up
1103	NPL	2.1681843	Up
861	STAT1	2.1681149	Up
116	COL6A3	2.1639581	Up
2317	ST6GALNAC1	2.1624218	Up
1317	CRISP3	2.1599557	Up
298	GMFB	2.1514121	Up
629	VAPB	2.1491898	Up
51	BGN	2.144335	Up
548	MKI67	2.1367926	Up
450		2.1267519	Up
1141	IFI44	2.1254768	Up
2302		2.1230291	Up
286	ADAM12	2.1225323	Up
470	CCT5	2.1172515	Up
195	PLPP4	2.1160595	Up
963		2.1138944	Up
563	CINP	2.1136474	Up
1310	ABCD3	2.1112627	Up
757	ADAP2	2.106002	Up
688	FN1	2.105527	Up
603	SULF1	2.0969374	Up
234	ZBTB26	2.0948382	Up
2200	PCDH9	2.0927789	Up
1178	GALNT2	2.0896738	Up
424	GXYLT2	2.0804192	Up
1695		2.0785537	Up
1052	GSR	2.0739576	Up
1485	LINC01116	2.0738803	Up
365	CCNA2	2.0684938	Up
1151	SFRP4	2.0658096	Up
508	SFRP4	2.0636972	Up
518	PARVB	2.0628511	Up
76	SFRP2	2.0582275	Up
3075	SLC25A43	2.0570005	Up
213	CEMIP	2.0558063	Up
3008	CCDC102B	2.0463393	Up
1190	ADAM12	2.0402875	Up
56	POSTN	2.0372481	Up
180	ABCC4	2.0240715	Up
1016	FUT8	2.0143895	Up
3236	NOX4	2.010921	Up
1189	CCDC80	2.0076432	Up
671		2.0058207	Up
94	AEBP1	2.0046441	Up
2489		1.9972877	Up
1762	PRC1	1.9972116	Up
1453	NPEPL1	1.9951746	Up
1222	SLC8A1	1.9948954	Up
3021	FILIP1	1.9900297	Up
452	LOC158402	1.9877333	Up
1777	INTS10	1.9868169	Up
960	MORC2	1.9867196	Up
927	CDKN3	1.9866758	Up
918	ST3GAL4-AS1	1.9865792	Up
1994	BDKRB2	1.9722301	Up
2671	ALG13	1.9721893	Up
54	MXRA5	1.9701353	Up
542	TYMS	1.955691	Up
2342	SPTBN1	1.9556044	Up
64	OLFML2B	1.9555331	Up
749	OAS1	1.9489657	Up
1567	ZNF630	1.9437464	Up
1578	WDR26	1.9429643	Up
3380	BRCA1	1.942318	Up
695	INPP5B	1.9364723	Up
1654	SPC25	1.9327494	Up
2188	TP53RK	1.9322404	Up
1767	RFTN1	1.9316969	Up
492	TOR1AIP2	1.9289142	Up
1459	DDX60	1.9280492	Up
2377	ZDHHC21	1.9209888	Up
2296	BIRC5	1.9168645	Up
1218	SULF1	1.9145245	Up
1045	EPSTI1	1.9141287	Up
494	HIST1H3E	1.9050126	Up
1133	MRPS30	1.9045219	Up
570	DGKH	1.8937255	Up
1825	CELF2	1.8884327	Up
780	BRIP1	1.8875851	Up
512	KIF15	1.8870162	Up
3406	FAM124B	1.884755	Up
2077	OMD	1.8840634	Up
300		1.8551588	Up
2044		1.8511674	Up
2395		1.8489165	Up
2756	POSTN	1.8478581	Up
427	ISG15	1.8455415	Up
582	EPYC	1.842634	Up
1884	DCBLD1	1.8411401	Up
221	FBN2	1.8386905	Up
1508	AURKB	1.8383984	Up
1959	RFTN2	1.8364256	Up
954	FCGR1B	1.8284515	Up
343	UNC5B	1.8232451	Up
1374	QPRT	1.8217	Up
468	GALNT2	1.8204431	Up
819	PRR11	1.81919	Up
1483	TMED6	1.8164902	Up
543	CCNB2	1.8143064	Up
503	LGALS9	1.8100649	Up
1528	ALOX12-AS1	1.8059679	Up
1011	NUDT1	1.8045017	Up
1028	IFIT5	1.803535	Up
2032	COCH	1.7968734	Up
1107	MFAP2	1.7959953	Up
1764	GPRC5A	1.7888562	Up
2360	CNIH3	1.7888204	Up
134	HUS1	1.7865673	Up
1368	ISG20	1.7857942	Up
1916	LOC100506922	1.7848944	Up
1601	PLXNC1	1.7763016	Up
65	COL12A1	1.7752005	Up
314	FGF18	1.7750764	Up
1954	MMP1	1.7708291	Up
225	LOC101927934	1.7693175	Up
3281	MRPS10	1.7692531	Up
3354	MIR15A///DLEU2	1.7692093	Up
486	IFI27	1.7626783	Up
2158	CCNYL1	1.7623377	Up
2848	UHRF1BP1L	1.7615975	Up
1242	CD163	1.7491291	Up
2335	WDHD1	1.7477979	Up
2202	CCRL2	1.7474686	Up
717	NUSAP1	1.7368205	Up
2528	FAHD1	1.7340145	Up
376	LUM	1.7339995	Up
1448	CDCA5	1.7335021	Up
608	EXO1	1.7327513	Up
1696	CYFIP2	1.730123	Up
2931	LOC101929713	1.7213295	Up
263	LUM	1.7173986	Up
2771	CXCL11	1.7162707	Up
779	COL4A1	1.7125904	Up
235	RUNX2	1.7105512	Up
3323	LRRC32	1.7097192	Up
165	CD84	1.707298	Up
2273	RAB2A	1.7065344	Up
1887	IFIT1	1.7044005	Up
2261	PXK	1.7038116	Up
1966	HOXB7	1.703273	Up
3106		1.7020706	Up
2104	ARMC1	1.7019472	Up
1175	WIPF1	1.7003849	Up
386	ZNF805	1.6990563	Up
441	HSPA6	1.6976971	Up
612	UNC5B	1.6938664	Up
1870	ALS2CR12	1.6932158	Up
3089	SLC30A1	1.6916718	Up
2048	G6PD	1.6807884	Up
663	CCDC102B	1.680432	Up
529	KIF26B	1.6802741	Up
2592	RIBC2	1.6797095	Up
1650	PFKFB2	1.6779002	Up
3305	KCMF1	1.6777241	Up
1375		1.6757291	Up
1108	ABCB4	1.6754195	Up
1636	CMKLR1	1.6750779	Up
429	SULF1	1.6734108	Up
1061	GPR143	1.6729369	Up
256	HECTD1	1.67289	Up
3178	ZNF497	1.6699693	Up
318	FNDC3A	1.666888	Up
2142	PPP1R7	1.661538	Up
1664	RAP2C	1.6609657	Up
1519	LOC100288675	1.6605382	Up
980	CXCR4	1.6603928	Up
2512		1.6583895	Up
727	FOXD3	1.6576528	Up
1144	ZNF805	1.6573937	Up
190		1.6568083	Up
917	POLQ	1.6552238	Up
583	ABCB8	1.6544321	Up
2803		1.6508234	Up
3147	GCH1	1.6473661	Up
1474	GPAT4	1.6462487	Up
581	CTDP1	1.6435995	Up
1905		1.6418501	Up
2552	EPS15L1	1.6408562	Up
302	KIAA0101	1.6386763	Up
2486	HSPA12A	1.6381131	Up
3484	NR2F1-AS1	1.6367259	Up
2869		1.636167	Up
2238	CRTAM	1.6351242	Up
1140	PYCARD-AS1	1.6343492	Up
2514	FOXM1	1.6290102	Up
2985	DUXAP10	1.6278325	Up
2905	CCNE2	1.6272265	Up
1489	ATOX1	1.6233967	Up
1888	CAPSL	1.6213422	Up
388	HTRA3	1.6206331	Up
1377	EZH2	1.6193712	Up
425	LOC101928710	1.6185605	Up
2909	FSIP1	1.6179965	Up
2478		1.6176385	Up
164	ITIH3	1.6171927	Up
1827		1.6129827	Up
226	MMP2	1.6119383	Up
1789	TBCE	1.6112123	Up
519	EYA4	1.6098616	Up
3207	MIR7112///BOP1	1.6084605	Up
2572	TAGAP	1.608121	Up
2420	LOC100288637///ARHGAP11B	1.6081129	Up
888	GDF11	1.6067617	Up
1652	TBL1X	1.6052761	Up
1063	DKFZp564H213	1.6046631	Up
3345	COL5A1	1.6039634	Up
2025	USP18	1.6017142	Up
2236	P2RY10	1.6002594	Up
2075	CST1	1.6000772	Up
205	AZIN2	1.5990209	Up
2305	TFR2	1.5979794	Up
203	FCGR2C	1.5951036	Up
614	ZNF780B	1.5949977	Up
1297	FAM45A	1.5940356	Up
2593	HAUS8	1.591711	Up
1898	CDKL1	1.5871214	Up
703	IL32	1.5865428	Up
2244	PRDM6	1.5858353	Up
652	KLRD1	1.5855256	Up
567		1.5841679	Up
2894		1.5796814	Up
1097	GXYLT2	1.5766821	Up
3468	PTTG3P	1.5762262	Up
1311	LDLRAD4	1.5746402	Up
1698	ALG10	1.5736943	Up
208	CST4	1.5727094	Up
1414	SKA2	1.5726021	Up
130	MDGA1	1.5723137	Up
274	OAS3	1.5716002	Up
430		1.5695784	Up
1622	CGREF1	1.5693691	Up
1490	WDR12	1.5684848	Up
3129	ARFGEF2	1.5675003	Up
1416	RPL7	1.5672103	Up
966	AP4B1	1.5666426	Up
89	SPARC	1.5660438	Up
1035		1.5659324	Up
1708	DEUP1	1.5647692	Up
3002	HEATR1	1.5631627	Up
1292	HSPB11	1.5623316	Up
1113	NXPE3	1.5613757	Up
172		1.5593318	Up
1054	BUB1B	1.5592281	Up
699	LIMS4///LIMS1	1.5590662	Up
366	KIAA1644	1.5579132	Up
414	LOC105372550	1.5573295	Up
1551	DHX58	1.5543951	Up
1312	NCAPG	1.5543269	Up
1272	ADAMTS12	1.5517228	Up
3344	BIK	1.5507184	Up
1561	LAMB1	1.5501579	Up
438	POSTN	1.549219	Up
3107	SAMSN1	1.548998	Up
1497	HOXB7	1.5486522	Up
625	TNFAIP6	1.5474262	Up
3064	ARL5B	1.544403	Up
1585	OBFC1	1.5415249	Up
477	LOC101928152	1.5410731	Up
1019	RASSF2	1.5403062	Up
1643	BBIP1	1.5400764	Up
2820	ERAP2	1.5393816	Up
2319	CUL4B	1.5375962	Up
3326	CDH6	1.537247	Up
1188	SPICE1	1.5370372	Up
2506	GPR137C	1.5348577	Up
2494		1.5335602	Up
1381	RAB31	1.531467	Up
655		1.5279796	Up
2096	BGN	1.5275328	Up
1838	FAM220A	1.5262013	Up
2825		1.52498	Up
2871	TMF1	1.5229033	Up
538	E2F1	1.5184302	Up
1906	PRR5L	1.5180625	Up
2484	XXYLT1	1.5153287	Up
2151	MYO9B	1.5127905	Up
1066	POLE2	1.5122152	Up
773	CENPU	1.5115788	Up
2882	COL12A1	1.5115336	Up
2622	NUP62	1.5103073	Up
1701	PTCD2	1.5095187	Up
1989	TBC1D8B	1.5088217	Up
1624	MTSS1	1.5084158	Up
2007	RAD51	1.5037195	Up
2409	MKI67	1.5033396	Up
666	SLC22A15	1.5030802	Up
1455	GREM1	1.5024081	Up
673	CFB	1.5009736	Up
1718		1.5002547	Up
1284	HHEX	1.499582	Up
2346	SPP1	1.4980456	Up
560	MICAL2	1.4967456	Up
2978	RSF1	1.4962951	Up
1029		1.4962094	Up
736	UGCG	1.4932866	Up
2421		1.4931979	Up
350	LOC101928195///LOC100996643///MTHFD1L	1.4925015	Up
2606	SOS2	1.4911059	Up
1149	TRAC	1.4886931	Up
464	SULF2	1.4882089	Up
1533	GPR37	1.4867973	Up
3314	MISP	1.4865388	Up
1156	TYMS	1.4852266	Up
1424	RGS1	1.4840127	Up
3496	ZSCAN9	1.4832856	Up
1278		1.4830967	Up
2575	CDT1	1.4829291	Up
2074	DNAJC25-GNG10///DNAJC25	1.480179	Up
1417	LINC00487	1.4796453	Up
551		1.4775339	Up
426	RC3H1	1.4763291	Up
2707	MIAT	1.4747301	Up
1582	CCNE1	1.4740601	Up
402	MSR1	1.4738049	Up
2543	UBE2V2	1.4736002	Up
449	MMP11	1.4732874	Up
1060	DLG1	1.4731383	Up
1506		1.4707233	Up
745	HIST1H3D///HIST1H2AD	1.4702461	Up
2182	TSPAN18	1.4687253	Up
2083	RWDD2A	1.4650924	Up
1438	TENM3	1.4618199	Up
1751	ADAM32	1.4613048	Up
2932		1.4601224	Up
3096	SH2D1A	1.4591053	Up
3066	XYLT1	1.4574109	Up
3209	RNF123	1.4572649	Up
1354		1.4571724	Up
1055	CILP	1.4552464	Up
2781	LOC645513	1.4545982	Up
1002		1.4542378	Up
2681	IKZF1	1.4522944	Up
2903		1.4521928	Up
1136	DPEP1	1.4519881	Up
2039	CUL4B	1.4512268	Up
2979	PPAT	1.4508447	Up
282	THY1	1.4499603	Up
1495	IGFBP7	1.4499327	Up
3111	SRGAP2C///SRGAP2B///SRGAP2	1.4499163	Up
788	BMP2	1.4495924	Up
474	CALN1	1.4495383	Up
1005	RABL3	1.449426	Up
1549	TGM2	1.4482728	Up
674	HHEX	1.4467421	Up
515	CD22	1.4467242	Up
1343		1.4456912	Up
2127	KIF21B	1.4456822	Up
2118	TNFAIP6	1.445605	Up
220		1.4447728	Up
3502		1.4424536	Up
803	CENPU	1.4422707	Up
3028	TTC7B	1.4415736	Up
1846	MLX	1.4382709	Up
2591	ASAP1	1.4363999	Up
1425	CSNK1G1	1.4361466	Up
396		1.4352614	Up
275		1.4289282	Up
2805	PPARGC1B	1.4289226	Up
943	PCBD2	1.426076	Up
2900	TMEM200A	1.4252647	Up
1684	DHX9	1.4246672	Up
2481	COL12A1	1.4246577	Up
3476	EMC1	1.4238212	Up
2353	KCNJ3	1.4229274	Up
785	RGS11	1.4225565	Up
1699	IL18RAP	1.4223158	Up
1579	TFEC	1.4206407	Up
2806	HOXC8	1.4199439	Up
2391	CCDC78	1.4184607	Up
3423	LILRB5	1.4182737	Up
763	RASL10A	1.4175026	Up
1468	LOC645513	1.4171174	Up
957	LOC101927650	1.415187	Up
1393	CUX1	1.4143686	Up
3157	DDHD1	1.4130217	Up
447	MKI67	1.4116794	Up
1383	LINGO1	1.4090707	Up
3419	GSPT1	1.4085923	Up
899	CTPS2	1.4082041	Up
2242	ZNF568	1.4053773	Up
337	CNGB3	1.3978735	Up
1324	CTCFL	1.396391	Up
2087	LOC100288798	1.3962702	Up
1839	CADPS	1.394917	Up
2786	HOPX	1.3941544	Up
1984		1.3930122	Up
297	LOC100129198	1.3922417	Up
522	CDC5L	1.3922402	Up
1143	TESPA1	1.3919531	Up
1953	CLIC4	1.3900367	Up
3291	LINC01588	1.3862026	Up
3098	ITPR1	1.3845721	Up
3499	ASCL2	1.3840468	Up
1325	ETV2	1.3827337	Up
623	DCK	1.3820916	Up
931	GLIS2	1.3810404	Up
1516		1.3810335	Up
2953	DHRSX	1.3807721	Up
2057	LDAH	1.3804508	Up
1852	PRRX1	1.3793374	Up
3377	EMG1	1.3787956	Up
1437	PLAA	1.3787669	Up
1891	SLC25A16	1.3786469	Up
2560	TTL	1.3761893	Up
1118	SERPINE1	1.3758859	Up
2255	COL25A1	1.3744066	Up
1890	ARID4B///RBM34	1.3742823	Up
3240	PDE4D	1.3718008	Up
3263	SDHC	1.3711455	Up
2330	FANCI	1.3708055	Up
428	THY1	1.3703267	Up
2418	FLJ37035	1.3702238	Up
2670	MMP10	1.3695481	Up
941	PET117///KAT14	1.3693932	Up
1316	MLKL	1.3664083	Up
1639		1.3655201	Up
804		1.3634739	Up
909	ARHGAP6	1.3630919	Up
3276	NUSAP1	1.3627378	Up
1911	NFYA	1.3627017	Up
1902	PRCP	1.3624115	Up
574	SCN1B	1.359929	Up
1505		1.3582779	Up
2939	RSAD2	1.3567947	Up
372	USP9X	1.3562025	Up
1986	ZBTB24	1.3524479	Up
684	LINC00692	1.348927	Up
536	CST5	1.3476361	Up
1678	DDX60L	1.3451222	Up
2056	CDC5L	1.3428742	Up
1477	STAG2	1.3427559	Up
3190	TRAC///TRAJ17///TRAV20///TRDV2	1.3417049	Up
1287	SLC36A1	1.3398584	Up
2464	PNOC	1.3397894	Up
1145	CST2	1.339044	Up
3466	ZNF367	1.3350104	Up
596	SLC35G2	1.3346564	Up
2854	TFCP2	1.3339764	Up
1713	ALG13	1.3307799	Up
2209	ZBTB11-AS1	1.3288431	Up
1121	NCOA3	1.3275626	Up
2783	SP100	1.3248713	Up
2256	PLCH1	1.3242158	Up
948	NEURL2	1.3241528	Up
890	NUDCD1	1.3235882	Up
1332	LRP8	1.32275	Up
3025	ELF4	1.3224084	Up
2892	MICB	1.3219838	Up
435		1.3203831	Up
705	HSPA6	1.3203756	Up
1215	ITGA11	1.3183608	Up
600	IGFBP7	1.3155953	Up
2123	C20orf196	1.3155005	Up
1657	MIA3	1.3119741	Up
2623	IDO1	1.3106727	Up
2183	ESM1	1.3098949	Up
680	IPO11	1.3093993	Up
1177	RBMS2	1.3074254	Up
650	PRCP	1.3068779	Up
1044	LOXL3	1.3046549	Up
2942	SPANXA2///SPANXB1///SPANXC///SPANXA1	1.3030611	Up
2429	SUGCT	1.3028513	Up
1313	CREB3L1	1.3014061	Up
3395	ZNF546	1.3010366	Up
2124	MAP3K7CL	1.2998948	Up
2537	VANGL1	1.2957792	Up
1395	FADS2	1.2949615	Up
2682	HOXC13	1.2931558	Up
2294	OSBPL3	1.2931284	Up
3071	RBM43	1.2919281	Up
3126	FNDC11	1.2900787	Up
3247	LOC730101	1.2896039	Up
1164	HIST2H2AA4///HIST2H2AA3	1.2893915	Up
2961	SIPA1L2	1.2891678	Up
2050		1.2886781	Up
1157	ADD2	1.288603	Up
889	SPSB1	1.2880252	Up
1017	VOPP1	1.287116	Up
2019		1.2853537	Up
403		1.2825108	Up
1006	MMP14	1.2803738	Up
2872	COL5A3	1.2795184	Up
1520	MLNR	1.2785335	Up
2390		1.2783026	Up
3003	PCED1A	1.2771895	Up
1255	RMI2	1.2762956	Up
1053	MSR1	1.2756108	Up
1275	CHST11	1.2755002	Up
1344	CCM2L	1.2744092	Up
1625	NRSN2	1.2741772	Up
1967		1.2738971	Up
2627	SEC24D	1.2736256	Up
1134	NR1I2	1.2698305	Up
2434	VCAM1	1.2687605	Up
2646	SGCD	1.2677328	Up
2005	RAB3C	1.2674798	Up
3439	RAP2C	1.2651932	Up
1336	TCEB3B	1.2649435	Up
1697		1.2642183	Up
2969	RRM2	1.2635949	Up
787		1.2629072	Up
1993	SAMD9L	1.2588953	Up
2697	METTL13	1.2569824	Up
1856	LINC00536	1.2569771	Up
2109	METTL9	1.2565934	Up
3376		1.2561278	Up
3100	TLR3	1.2558539	Up
2092		1.2554192	Up
886	SAMD9L	1.2551219	Up
990	C6orf10	1.2541467	Up
3310	NUP210L	1.2540501	Up
1726	TRIM3	1.2525842	Up
2696	ACAP3	1.2516715	Up
1889		1.2512373	Up
2440	MTSS1	1.2504592	Up
406		1.2479445	Up
488	USP42	1.2463235	Up
1051	ZNF777	1.246209	Up
2106	KNL1	1.2456865	Up
1970		1.2441838	Up
244	CDCA3	1.2440304	Up
1820	ASPH	1.2432576	Up
2218	TOR4A	1.2426395	Up
1433	SLC1A6	1.2422692	Up
1023	VARS	1.2402202	Up
988	CTSK	1.2399727	Up
2269	MBNL1	1.2397372	Up
356	MICAL2	1.2390152	Up
2542	ZNF672	1.2384126	Up
3339	CCDC90B	1.2373111	Up
3257	ADAMTS6	1.2358999	Up
869	LOC728868	1.2354398	Up
2620	ITGB1BP2	1.2350815	Up
2813	KIAA0040	1.234546	Up
2694	MYNN	1.2344547	Up
3335	DIP2C	1.2343215	Up
1326	LOC389834	1.2333761	Up
2574	FCHSD2	1.2326804	Up
769	CRIP1	1.2317663	Up
3284	MTMR3	1.2317089	Up
1077	TMEM158	1.2308263	Up
3370	RAP2A	1.2297062	Up
1855	RFC5	1.2286489	Up
1093	WDR26	1.2285617	Up
1914	CUL4B	1.2274973	Up
1246	SYT11	1.2261254	Up
1925	TIGAR	1.2236118	Up
2579	STUM	1.2227384	Up
2248	GTF3C4	1.2220238	Up
2111	IGHV3-23///IGHV4-31///IGHM///IGHG4///IGHG3///IGHG1///IGHD///IGHA2///IGHA1///IGH	1.2204239	Up
3315	EIF4G3	1.2199746	Up
951	SLC25A16	1.2194894	Up
2638	VRK3	1.2164669	Up
2586		1.216339	Up
2577		1.2156923	Up
1426	TRAF3IP2	1.2154945	Up
3460	ARHGAP9	1.2126691	Up
793	COG1	1.2122111	Up
2945	MMP24-AS1	1.2118494	Up
590	MCM6	1.2112932	Up
2608	NAA15	1.2096656	Up
3032	PTK2	1.2090081	Up
2192		1.2070096	Up
3142	DIP2A	1.2068139	Up
2021	LOC101929528	1.2066324	Up
701	BIRC5	1.206432	Up
2150	HJURP	1.2061374	Up
1379		1.2049314	Up
192	PTAFR	1.2046713	Up
1267		1.2020276	Up
1554	WDR61	1.2020254	Up
1591	DLL4	1.2017183	Up
1978	SNX24	1.2011151	Up
2927	BLM	1.2008418	Up
3131	CD28	1.2007106	Up
1766		1.2004546	Up
1756		1.19813	Up
3042	FANCA	1.1972615	Up
2784	PRKAA1	1.1967031	Up
3321	BEST1	1.196175	Up
3320	DR1	1.194887	Up
2175	VPS33A	1.1948194	Up
2902	KIF18B	1.1938523	Up
2884	MAPK14	1.1935754	Up
1926	OR5K1	1.192561	Up
2690	CEMP1///AMDHD2	1.1918284	Up
1595	LDHC	1.1913352	Up
3108	MGC40069///TRAC///TRAJ17///TRAV20///TRDV2///YME1L1	1.191173	Up
2663		1.1911159	Up
1261	STK39	1.1901407	Up
2072	GLRX3	1.1901077	Up
719	LSM4	1.1900223	Up
989	APOE	1.1898738	Up
1513	SNX29	1.1897573	Up
845	KRAS	1.1883872	Up
1114		1.1871749	Up
3130	POPDC2	1.1871729	Up
562	SPIRE2	1.1871277	Up
1095	DNAJC1	1.1867388	Up
2004	EME2	1.1866173	Up
1703	PNP	1.1859155	Up
846	PDGFB	1.1850939	Up
2686	CKS1B	1.1848531	Up
962	FLJ31713	1.1842208	Up
1458	ARHGAP4	1.1841275	Up
2603	MSH4	1.1835175	Up
2453	ZNF195	1.1822784	Up
1541	IL2RA	1.1811274	Up
2475	LOC101929162	1.1803164	Up
2173	BCAS1	1.1800322	Up
1804	KPNA2	1.1798234	Up
2086	RAD51L3-RFFL///RFFL	1.178968	Up
1254	PPARA	1.1774923	Up
534		1.1773109	Up
2946	EIF2AK4	1.1755067	Up
3102	LAMB1	1.1754283	Up
738	HHIP	1.1753314	Up
2636		1.1749704	Up
2397	FPR3	1.1749623	Up
2801	FBXO28	1.1740759	Up
1879		1.1732397	Up
3118	HOXA13	1.1727891	Up
2823	NUP210	1.1725318	Up
1854	GADD45A	1.1712026	Up
2661	ASH1L-AS1	1.1707909	Up
1380	CLEC2B	1.1693518	Up
1008	PRR18	1.1691198	Up
683	LOC339978	1.1683917	Up
2981		1.1667593	Up
1406	DR1	1.1665105	Up
2846	DLG3	1.1658547	Up
411	HOXA-AS3	1.164672	Up
2701	SLC30A5	1.1640565	Up
3490	LOC101928618	1.16065	Up
837		1.1605699	Up
1662	ATP6V1C1	1.1596972	Up
2276	SAMD1	1.1593141	Up
1646		1.159198	Up
1653	KCCAT333	1.1588813	Up
3392	TRABD2A	1.1587576	Up
1722	DR1	1.1577704	Up
1730	LINC00857	1.1572971	Up
1010	VWA3B	1.1569624	Up
718	ISG20	1.1564231	Up
3461	USH2A	1.1558577	Up
2369		1.1557945	Up
1409	LOC100130370	1.1548846	Up
2116	LAT2	1.1542959	Up
2323	MINCR	1.1527215	Up
2024	MTSS1	1.150562	Up
2644	LOC101929151	1.150059	Up
878	EPN1	1.1497474	Up
2653	AUNIP	1.1485842	Up
906	LMAN2	1.1483466	Up
1146		1.1478264	Up
1845	FBXO28	1.1473003	Up
2483	MS4A5	1.146743	Up
2613	RIDA	1.1435362	Up
1119	OAS2	1.143332	Up
1303	VWA9	1.1419936	Up
2153	C1QTNF5///MFRP	1.1416195	Up
2404		1.1412976	Up
2580	LOC100288181	1.1407527	Up
1547	KLF9	1.1397801	Up
2898	KANSL3	1.1394355	Up
3399	FAM95A	1.1391998	Up
2629	JMJD4	1.1378653	Up
1924	COL5A3	1.1365303	Up
2456	TLE6	1.1361879	Up
2037	ADAM18	1.1361543	Up
3048	CD83	1.1360551	Up
2948	LRRN3	1.1344866	Up
569	LOC101930489///MIR4435-2HG///LINC00152	1.1341477	Up
3012	SNTB1	1.1340542	Up
2533	MRPS30	1.1337934	Up
2134	RFX4	1.1333537	Up
3030	FRY	1.1331417	Up
355	LOC100289283	1.1310515	Up
460	CSGALNACT2	1.1306524	Up
1196	TRIM65	1.1298902	Up
1510	IRF9	1.1281127	Up
1494	UGCG	1.1276837	Up
2337	KRT85	1.125943	Up
936	CENPU	1.1252925	Up
2448	IPP	1.1251858	Up
2947		1.1243445	Up
2488	FSCN1	1.1228855	Up
1170	SMC4	1.1220592	Up
1123	CBX3	1.1219286	Up
858	HEYL	1.1217236	Up
2885		1.1207058	Up
1983	PTRH2	1.1205878	Up
1784	TRIM14	1.1205201	Up
1111	RNF126	1.120477	Up
911	SEMA4C	1.1189792	Up
2642	IL23A	1.1188641	Up
1641	CASP10	1.1181462	Up
2717	HIST1H3F	1.1173302	Up
887	KIAA2026	1.1172048	Up
945	ACER3	1.1168333	Up
2889		1.1166634	Up
3494	GPR26	1.1156669	Up
1193	SNX22	1.1153276	Up
3462		1.11531	Up
576	MRPL15	1.1148123	Up
644		1.11467	Up
2570	SELT	1.1143343	Up
2217	LOC105371401	1.1137672	Up
2941	METRN	1.1133627	Up
661	PBX2	1.1127158	Up
1092	ALS2	1.1123346	Up
1062	THY1	1.1110126	Up
1810	RIN3	1.1083231	Up
2059	PARD6G-AS1	1.1049027	Up
182	LOC101929368///FKBP1A	1.1045032	Up
1502	PARP1	1.1039396	Up
2616	TPPP2	1.1035267	Up
2221	FAM49B	1.1016212	Up
2178	GALNT1	1.1009742	Up
3017	C9orf84	1.1009585	Up
2029	GIT2	1.100396	Up
1342	TLR8	1.100382	Up
1781	ZWINT	1.0985941	Up
2287		1.0982307	Up
3218	PDE8A	1.0966919	Up
2521	FAM173A	1.0965308	Up
3018	RPS27A	1.0960331	Up
2211	CHST15	1.095643	Up
3081		1.0949361	Up
2539	MRPS33	1.0946209	Up
3440	ACSS1	1.0920354	Up
2792	CLIP1-AS1	1.0917474	Up
2462	LINC01013	1.0911838	Up
3045		1.0896425	Up
3023	HIST1H4J	1.0895824	Up
1976	DGCR5	1.0893668	Up
3412	SGCB	1.0886687	Up
3242	CSE1L	1.0873863	Up
2710	TTC9C	1.0872503	Up
3365	ITGA11	1.0855062	Up
919	CDK2	1.0839092	Up
177	CLNS1A	1.0834649	Up
1185	FMNL3	1.0830883	Up
1765	ASAP1	1.0826642	Up
505	LINC00112	1.0825322	Up
678	PMCHL1	1.0823797	Up
1644	SLC37A2	1.0808145	Up
1690		1.0800979	Up
2675	LRRN4	1.0796189	Up
799	METRN	1.0795421	Up
853	ACTN1	1.0780403	Up
766	ATP6V1C1	1.0777555	Up
783	LINC01310	1.0775651	Up
2064	C8orf17	1.0770077	Up
3000	RABGAP1	1.0766388	Up
2853	LOC100506319	1.0765378	Up
1403	PPP3R2	1.0759076	Up
3398		1.0747648	Up
2329	FAM43A	1.0743388	Up
2991	GALK2	1.0716701	Up
1990	GRK6	1.0711695	Up
839	PTPRB	1.0700879	Up
2399	CAPN15	1.0697381	Up
3235	HTR2C	1.0690551	Up
1457	SQLE	1.0669371	Up
1936	SLC22A1	1.0662639	Up
1081	SIX2	1.0642503	Up
1517	LINC01551	1.063974	Up
3041	RAB12	1.0632761	Up
2827	TRIM32	1.0630486	Up
1638	GMIP	1.0629792	Up
2720		1.0619585	Up
3366		1.0615591	Up
961		1.0606542	Up
2826	INTS6	1.0600742	Up
1676	DNAJB8-AS1	1.0599345	Up
1112	SNRPD1	1.0583434	Up
2735	SUPT4H1	1.0580716	Up
2177	MCF2L-AS1	1.0577415	Up
1817	ATG3	1.0570989	Up
1187	DENND2C	1.0563095	Up
2573	LOC105369595	1.0554026	Up
3184	WNT2	1.0538604	Up
1895	PARP9	1.053319	Up
3258	ESD	1.0526348	Up
894		1.0525469	Up
1851	CA14	1.052408	Up
1434	ZNF578	1.0522973	Up
457	PRND	1.0521094	Up
1849	SLC8A3	1.0508571	Up
1385	SRRM4	1.0507592	Up
3223	TTLL11	1.0501728	Up
1667	LPIN2	1.0495578	Up
3358	LYST	1.0492152	Up
2518	BCL2L13	1.0474866	Up
2008	TAF6L	1.047124	Up
3062	ST8SIA4	1.0470087	Up
2479	APOOL	1.0466233	Up
1934		1.0464973	Up
1542		1.0461893	Up
480	DIO2	1.045266	Up
1355	LOC101930655///C7orf73	1.0452649	Up
1824		1.044771	Up
1534	VPS33A	1.0444806	Up
1598	CYP2C18	1.0426585	Up
2457	SERPINH1	1.042519	Up
722	SLC20A1	1.0415732	Up
812	AMACR	1.0414624	Up
2492	RPS6KA6	1.040864	Up
2403	RAB27A	1.0406992	Up
1747	PDGFRB	1.0385015	Up
3097	SLC25A30	1.0366495	Up
2527	LOC101929570	1.0366024	Up
935	LINC01144	1.0349894	Up
2639		1.0339989	Up
2398		1.0339362	Up
2647	BCL7C	1.0326908	Up
1487		1.0312107	Up
2911		1.0309089	Up
2359		1.0307676	Up
3489	HERC6	1.0295162	Up
2258	GP5	1.0292173	Up
3124	GATAD2A	1.0291886	Up
2416		1.0291548	Up
3442	JAKMIP1	1.0272728	Up
2114		1.0266882	Up
3458	HMGCS1	1.0266785	Up
2231	REXO2	1.026123	Up
1065	STK4	1.0260233	Up
2585	IFNA1	1.0258189	Up
758	PARP9	1.0236822	Up
1597	IGF2BP2-AS1	1.0227004	Up
1356	CCDC169	1.020557	Up
867	SPANXA2///SPANXC///SPANXA1	1.0204291	Up
1512	ZNF91	1.0199173	Up
1001	PPFIBP1	1.0195071	Up
2038	TFAP2D	1.0190718	Up
2357	FLG2	1.0189765	Up
2798	WIPF1	1.0189278	Up
2155	ZKSCAN7	1.0184699	Up
1277	PCDH17	1.0183991	Up
2137	ACHE	1.0180905	Up
445		1.0180164	Up
781	CEP41	1.0164895	Up
2251		1.0154933	Up
520	MRPL13	1.0149927	Up
2509		1.0145596	Up
1286		1.0138357	Up
2562	INSM2	1.0127139	Up
1488		1.0120663	Up
2924		1.0113179	Up
3015		1.0112919	Up
3255	DNAJC21	1.0104678	Up
1245	ZNF623	1.0100872	Up
3128	SLC7A7	1.0097294	Up
1539	KLF12	1.009481	Up
2131	LOC101927499	1.0093057	Up
1082	HORMAD2	1.0089601	Up
1304	LEMD3	1.0075625	Up
2279	UBAP2L	1.0062925	Up
442	LOC100130872///SPON2	1.0061084	Up
1897	RHOF	1.0051776	Up
3177	TRPA1	1.004908	Up
1649		1.0044211	Up
2410	TPM3	1.0036193	Up
3191	CRISPLD2	1.0023453	Up
2802	STAU2	1.0022483	Up
565	TGM5	1.0019683	Up
2405		1.0017787	Up
1165	OVOL1-AS1	1.0012519	Up
1445	ERLEC1	1.0006287	Up
2625	CNOT6L	0.9985767	Up
1945	ANKRD34C	0.9971201	Up
2091	NENF	0.9948742	Up
1944		0.9945775	Up
2658	HIST1H3G	0.9943116	Up
2203	LOC101927257	0.9941484	Up
2385	CLEC11A	0.9940815	Up
1565		0.9931268	Up
2937	AQP6	0.9926436	Up
513	GPRIN3	0.9916883	Up
2584	CDKN2A	0.9914042	Up
1237		0.9904926	Up
772		0.9886995	Up
1883	ZNF225	0.9871532	Up
2868	FNDC9	0.9860704	Up
747	HHATL	0.9860559	Up
1363	TEX26	0.9858608	Up
1327	LOC202181	0.9850456	Up
1046		0.9847192	Up
2394		0.9841254	Up
1637		0.9835943	Up
2441	CHRD	0.9823604	Up
1947	LDLRAD4-AS1	0.9803829	Up
1124		0.9783513	Up
1537	RTCA	0.9779066	Up
3361	LOC100505782	0.9768949	Up
561	CA6	0.9765148	Up
2599	PRKCDBP	0.9762356	Up
2895	LL0XNC01-116E7.2	0.9760258	Up
2973	PLXDC1	0.9752817	Up
1998	UBTD2	0.9747081	Up
2426	PLAU	0.9741512	Up
3069	TATDN3	0.9736667	Up
1204	OR51B5	0.9733025	Up
3275	GPSM3	0.9731237	Up
2461	AP3M2	0.9730986	Up
3210	ELK3	0.9725313	Up
2126	TIFAB///DCANP1	0.9722798	Up
1058		0.9720135	Up
2374	PPP1R15B	0.9702292	Up
1658	EPHA5	0.9699114	Up
3304	CAPN1	0.9695568	Up
2470	CDC25C	0.9692218	Up
3116	TRAC	0.9682926	Up
2536		0.9681585	Up
1995	C1orf159	0.9676183	Up
3231	RNF213	0.9669044	Up
2757		0.9667787	Up
723	FLAD1	0.9667173	Up
3277	SATB2-AS1	0.964435	Up
2055	CACYBP	0.9641427	Up
1775	KIAA1524	0.9629073	Up
3261		0.9624926	Up
3180	ADGRF2	0.9614368	Up
2328	RBFOX1	0.9612175	Up
1815	WDR62	0.9603213	Up
2318	TROVE2	0.9582145	Up
1739	TEX26-AS1	0.9566764	Up
2250	MED20	0.9565423	Up
1499	COL6A1	0.9554051	Up
3273	HNRNPU	0.9545993	Up
3308	HAUS7///TREX2	0.9545044	Up
1805	MIAT	0.9544926	Up
2835	POLN	0.9543523	Up
1493	LOC101926967	0.9540405	Up
1822	RNF144A-AS1	0.9539002	Up
3375	LOC101930489///LINC00152	0.953795	Up
1269	PTN	0.9537207	Up
2071		0.9536488	Up
1518	EXOSC10	0.9530569	Up
1155	CD6	0.9526616	Up
3198	POLR3H	0.9523171	Up
1034	RAB18	0.9514431	Up
2282	PRPF18	0.9510326	Up
2660		0.95016	Up
3341	IGHG1	0.9497978	Up
2715	LOC101927274	0.9493953	Up
2430	CAMSAP2	0.9484466	Up
1686	GS1-279B7.1	0.9472453	Up
2078	DNAH17-AS1	0.9468385	Up
2449	ANPEP	0.9467861	Up
2189	AQP8	0.9467481	Up
2641	SAR1B	0.9461697	Up
2400	MUC13	0.945763	Up
1049	SLC6A17	0.9442242	Up
3220	LOC100505797	0.9437546	Up
3226	ANOS1	0.9432626	Up
910	ANKRD13B	0.9427551	Up
3073	KLHL7	0.9423856	Up
3251	KCNN3	0.9421679	Up
2519	LOC100506071	0.9408263	Up
2992	BTBD9	0.9404758	Up
2870	C1RL	0.9392506	Up
2387	OVAAL	0.9392468	Up
2386	LST1	0.9380879	Up
1460	MRPS25	0.9376212	Up
1803		0.937432	Up
1132		0.9365828	Up
2201	LRCH3	0.9358165	Up
3293	AGPS	0.9347518	Up
1880	VGLL2	0.9346469	Up
2345		0.9336439	Up
2501	DYRK2	0.9336315	Up
944		0.9318954	Up
1530	DDX39A	0.9318077	Up
1274	C1orf43	0.9317259	Up
3104	MROH1	0.9293705	Up
1600		0.9292091	Up
1693	XYLT2	0.9291658	Up
2338	RASSF8-AS1	0.9290264	Up
1741	BRWD3	0.9279519	Up
700	FAM134B	0.927445	Up
2726	GRK6	0.9263705	Up
2115	PRDM14	0.926144	Up
2554	CSRNP3	0.9258859	Up
1173	POLR2K	0.9247138	Up
2482	C5orf17	0.9242316	Up
3013	CSNK1A1	0.9223126	Up
818	WDR11-AS1	0.9219359	Up
3243	LOC728073	0.9215353	Up
2266	NACC2	0.9208805	Up
1768	TM6SF2	0.9206503	Up
3164		0.9199773	Up
3371	ADNP	0.9195052	Up
3205		0.9192291	Up
1996	PREP	0.9191534	Up
925		0.9184498	Up
2928	LOC105376796	0.91843	Up
2921		0.9178576	Up
3067	TAGAP	0.9167238	Up
2630	PDE4A	0.9163455	Up
3329		0.9162162	Up
1937		0.9157151	Up
2934	IFITM1	0.9152609	Up
2535	SH2D3C	0.9139921	Up
2030	LOC101060386///BOLA2///SMG1	0.9137638	Up
3266	C17orf80	0.9137169	Up
3140	SLC6A3	0.9132511	Up
1268	IL10RB	0.9123656	Up
2291	LINC01120	0.9121289	Up
1812		0.9121082	Up
1557	KAT8	0.9105211	Up
3471	RBL1	0.9102392	Up
1920	C15orf59	0.9098756	Up
2940	ATP11A-AS1	0.9073649	Up
3438	PSG5	0.9061815	Up
1388		0.9059554	Up
2322	ZDHHC9	0.9056456	Up
1089	CALU	0.9055619	Up
483	CYTH1	0.9030433	Up
3132	OSM	0.9028126	Up
3174		0.9026837	Up
2534	SP110	0.900435	Up
2910	ADH6	0.8993182	Up
2843	LOC101928818///PWRN1	0.897234	Up
2227		0.8970287	Up
2193	CADM3	0.8961754	Up
1971	RBFOX1	0.8952639	Up
2315	IMPAD1	0.8942669	Up
3055	UHMK1	0.89379	Up
2899		0.8930814	Up
2332		0.8927533	Up
2819		0.8926347	Up
2045	COL18A1	0.8924458	Up
1087	C15orf39	0.8924362	Up
2674	PDX1	0.8924133	Up
2085	ENTPD1	0.8909903	Up
3185	MAN2B1	0.8906071	Up
979	FABP3P2	0.8901367	Up
1589	SEZ6L	0.8895381	Up
905	FADD	0.88933	Up
1500	LOC101927653	0.8889683	Up
2731	ITK	0.8889445	Up
3390	ANKRD19P	0.886822	Up
1227	PBX2	0.8844392	Up
3043	HSPG2	0.88443	Up
495	TMEM206	0.8838649	Up
3297	AP1S2	0.8838445	Up
3169	LOC90246	0.8832062	Up
992	PIK3CB	0.8818156	Up
3324	C5orf34	0.881652	Up
3153	UBE2W	0.8815999	Up
2135	CXorf21	0.8796221	Up
1101	LINC01013	0.8792128	Up
2012	ENOX2	0.8788091	Up
1921	ABI3	0.8727744	Up
2407	SPARC	0.8708809	Up
1720	AP4S1	0.8699325	Up
1441	TGM2	0.867429	Up
2553	NKD2	0.867078	Up
2130	MMP12	0.8668723	Up
2824	SLC5A10	0.8665583	Up
3216	HOXB1	0.8645545	Up
2651	KCNG3	0.8603005	Up
1606	POLR2K	0.8596952	Up
3510		0.8589619	Up
1796	HRES1	0.8587948	Up
2432	SP110	0.856182	Up
2161	FATE1	0.8555536	Up
2463	TRIP13	0.8548998	Up
2216	WSB2	0.8546708	Up
2845	ZNF207	0.8543749	Up
3171	KIAA2022	0.8539698	Up
3228	UBA6	0.8536755	Up
3493	SIPA1L3	0.8524178	Up
1691	NDUFB10	0.8521157	Up
2490	GABRA1	0.8493498	Up
2724	C1GALT1C1	0.8493218	Up
451		0.8492123	Up
1524	C20orf166-AS1	0.8490411	Up
2767	THEMIS2	0.8468684	Up
1866	SRXN1	0.8455547	Up
2841	C16orf70	0.8453533	Up
2523	OLIG1	0.8453333	Up
575	LINC01588	0.844999	Up
2860		0.8449638	Up
3450	ARID1B	0.8435211	Up
2810	TNFRSF10A	0.8434211	Up
1714	KLHL18	0.843157	Up
3330	GRIN2D	0.8423904	Up
1538		0.8414521	Up
1935		0.8409014	Up
1876	ACTG1P17	0.8401983	Up
1958	CXCR4	0.8400911	Up
2610		0.8399339	Up
2517	PQLC3	0.8387652	Up
1117	INE1	0.8366069	Up
1318	PWWP2A	0.8359442	Up
2844	EML4	0.835496	Up
2774	C6orf62	0.8345625	Up
2769	LOC101929289	0.8341561	Up
2292	ZNF432	0.8337059	Up
2168	NSMCE2	0.8326548	Up
2984	PIN1P1	0.83207	Up
3487		0.8317468	Up
2260		0.8307692	Up
1440	KIAA1549L	0.8303149	Up
1908	OAS2	0.8301552	Up
2556	MTSS1	0.8297468	Up
3306	MTDH	0.8291533	Up
2759	STRN	0.8283776	Up
2139	ARL6IP1	0.8278594	Up
2875	UHRF1BP1L	0.8277831	Up
1569	RAB27A	0.8277787	Up
2607	HRH2	0.8270726	Up
3428	MRPL42	0.8259611	Up
1602	DUOX1	0.8249677	Up
1865	GNRH2	0.8246022	Up
2964	PRICKLE1	0.8234406	Up
2594	FLJ30064///BRI3	0.8232269	Up
2058	CD84	0.8225154	Up
3431	HTATIP2	0.8223447	Up
2026	SPINK2	0.8222685	Up
3421	MFNG	0.8203135	Up
1288	DCAF6	0.8202716	Up
1572	LINC00661	0.8197937	Up
2832	LOC286068	0.8187924	Up
2444		0.8185501	Up
1057		0.8182218	Up
2401	NCAM2	0.8181954	Up
1778	ALDH3B1	0.8166661	Up
1826	ITGAM	0.8151788	Up
2340	YWHAEP7	0.8143874	Up
1556	SNRPC	0.8128792	Up
953	MCM10	0.8121198	Up
3232		0.811396	Up
2951	ARPC5L	0.8109265	Up
2473		0.8095186	Up
2708	MIR612///NEAT1	0.8089715	Up
2918	LINC01128	0.8076395	Up
1881	LINC00216	0.8075306	Up
3429	RNF207	0.806351	Up
2368		0.8051873	Up
2275	HTATIP2	0.8031295	Up
3208	ZNF169	0.8030684	Up
3173	PLXDC2	0.8027982	Up
2084	SIX6	0.8023122	Up
2955	CTLA4	0.8022247	Up
3188	LOC284080	0.8019155	Up
2526	RNF166	0.8018464	Up
1096	AQP2	0.8014819	Up
3114	RPS6KC1	0.8007707	Up
2366	PARP12	0.8004438	Up
1843		0.8002856	Up
1997	FIP1L1	0.7999383	Up
1799	URB1	0.7998062	Up
2073	NIN	0.7993848	Up
3214	CENPJ	0.7989357	Up
2967		0.7974786	Up
921	UNC5B	0.7961313	Up
2166	THEMIS2	0.7939251	Up
630	AP3M1	0.7932109	Up
2672	EPS15L1	0.7923744	Up
2779	NSD1	0.7918533	Up
2645	CALU	0.7870545	Up
601	ANKRD22	0.7861142	Up
1529	LINC00165	0.7855753	Up
1290	ETS1	0.7854127	Up
2504	PCGF5	0.7851707	Up
2996	TMC6	0.7840017	Up
3422	AMPD3	0.7833415	Up
2655	CLC	0.7831605	Up
1142	SEMA4A	0.7828581	Up
2904	FAM19A5	0.7828277	Up
3387	HIST1H2AH///HIST1H2AG///HIST1H2AM///HIST1H2AL///HIST1H2AK///HIST1H2AI	0.7827843	Up
2949	TMC5	0.7826192	Up
2393	UBAP2L	0.7822396	Up
2850	FER1L6-AS1	0.7819348	Up
3182		0.7807764	Up
2207	CACYBP	0.7806238	Up
3378	SEMA4A	0.7803069	Up
1723	BPIFA1	0.7793512	Up
1837	PCSK4	0.7789777	Up
3192	KPNA2	0.7780839	Up
1949	TCIRG1	0.777505	Up
3455	WNK1	0.7758447	Up
1717		0.775444	Up
3092	MAPK14	0.7713985	Up
2976	LINC00663	0.7711414	Up
1750	SLC7A11	0.7707195	Up
2800	TGFBI	0.7707054	Up
2919	IRAK1	0.770641	Up
2795		0.7689054	Up
2548	ARV1	0.7660725	Up
2284	MRPS14	0.7655922	Up
3264	ATP6V1C1	0.7643647	Up
3244	MED6	0.7635563	Up
3415	CASP4	0.7605686	Up
1836	TAS2R1	0.7594777	Up
2891	NREP	0.7580131	Up
3145	GULP1	0.7564405	Up
2926	CYP11B1	0.7552977	Up
3491	CD2BP2	0.7551172	Up
3090	CPNE7	0.7551063	Up
2695		0.7542896	Up
2271		0.7523664	Up
816	PCNA	0.7487979	Up
2098	NUP210	0.7470876	Up
2721	TPR	0.7470348	Up
3271	LOC100506639///ZNF131	0.7464814	Up
2313	REG1CP	0.7459368	Up
1728	CDH24	0.7439542	Up
2445		0.7435234	Up
3373	CYP2C8	0.743459	Up
1661	TOMM5	0.743347	Up
2687		0.7432209	Up
2915	TARS	0.7426232	Up
1642	SMOC2	0.7409896	Up
1430	TIMM17A	0.7396935	Up
2677	PYCR1	0.7385876	Up
2711	NCOA2	0.736562	Up
3394	SP140L	0.7364503	Up
1257		0.7348199	Up
1195		0.7341914	Up
1982	UNC5A	0.733544	Up
555	CNIH4	0.7300119	Up
3336	FAM172A	0.7297651	Up
3447	MAPKAPK3	0.7264647	Up
3302	DHX40	0.7263717	Up
641	SEC11A	0.7251054	Up
2987	DAZ4///DAZ2///DAZ3///DAZ1	0.722552	Up
2371	ZAN	0.7219573	Up
3418	NHLRC2	0.7214971	Up
2956	WIPF1	0.7213872	Up
3507	CLTA	0.7202408	Up
2297	TMEM167A	0.720033	Up
2683	LINC00924	0.719663	Up
1630	VEGFA	0.719443	Up
3369	EFR3B	0.7191843	Up
3475		0.717689	Up
3414	CHTF18	0.7160983	Up
3509		0.7159737	Up
3360	MICALL2	0.7148426	Up
2246	CALU	0.7143414	Up
3051	STK33	0.7138305	Up
3430	HLA-G	0.713714	Up
2355		0.706947	Up
3270		0.7051534	Up
2794		0.7048635	Up
1056	YTHDF3	0.7027027	Up
2009	PRR5L	0.702315	Up
1965	ZBTB39	0.7016033	Up
1974	ZNF85	0.7010878	Up
2880	FANCD2OS	0.6999387	Up
3374		0.6998438	Up
1816	MTDH	0.6996994	Up
1685	ARPC3	0.6989094	Up
3383	PLD4	0.6968951	Up
3501		0.6965961	Up
939	POU2F2	0.6960365	Up
3138	TMEM72	0.6949001	Up
3488	HMGB2	0.6931424	Up
2777	GNG5	0.6905649	Up
2286	PFN1	0.689627	Up
823	HFE	0.6888163	Up
3125	QRICH1	0.6886255	Up
2254	MYD88	0.6886095	Up
3443	PWP1	0.6880519	Up
3065	IFIH1	0.6876021	Up
3119	POLQ	0.6872349	Up
2170	SLC10A1	0.6861319	Up
1862	FITM2	0.6860681	Up
2194	CNTNAP1	0.6853495	Up
2590	MTIF2	0.6837168	Up
2755	ODF3B	0.6829292	Up
2487	C1QTNF3	0.682917	Up
3385	TMEM70	0.6807734	Up
2213	CTLA4	0.6802026	Up
2559	TTTY8B///TTTY8	0.6775762	Up
3241	GDF11	0.676846	Up
2785	POLRMT	0.6749565	Up
3152	HMOX2	0.6717252	Up
3079	C17orf62	0.666669	Up
2703	GRAMD1A	0.6660465	Up
3408	VPS41	0.662459	Up
3331	TPP1	0.661386	Up
3349	MIR1282///HYPK///SERF2	0.6612522	Up
2811	FRS3	0.6609677	Up
2033	KCNN1	0.6594931	Up
3110		0.6584421	Up
2815	VGF	0.6583705	Up
3019	HTRA1	0.6580827	Up
2525	OASL	0.6539766	Up
3405	STK32C	0.6537169	Up
2876	GGPS1	0.6536543	Up
1844		0.6516853	Up
1673	HSPE1	0.6506592	Up
2704	AK6///TAF9	0.6491599	Up
2929	SRP72	0.648752	Up
2719	BRCC3	0.6485857	Up
3492	TMPRSS5	0.648344	Up
2966	VPS45	0.6481678	Up
1709	TPM3	0.6468745	Up
3474		0.6454803	Up
3034	TMCO1	0.6453353	Up
3158	H2AFZ	0.643848	Up
3416		0.639491	Up
1834	ADAMTS12	0.6351865	Up
2467	CD84	0.6289391	Up
3070	DCAF13	0.6286981	Up
3083	IGF2BP1	0.6283593	Up
2840	HFE	0.627994	Up
1841	H2AFZ	0.627913	Up
2598	CPNE9	0.6260061	Up
2350	PGK1	0.6254302	Up
3441	MIR3150B///MIR3150A///LOC286149	0.6242705	Up
1345	CD80	0.6240992	Up
1279	SHISA5	0.6235196	Up
3141		0.6230301	Up
3300	PWWP2B	0.6214438	Up
3342	SCRIB	0.6206051	Up
3445		0.6195769	Up
3170	NCKAP1L	0.6183467	Up
2886	RPS6KA4	0.61766	Up
3388	FASTKD5	0.6159656	Up
2520	LOC100133089	0.613154	Up
3149	STUB1	0.6128552	Up
3151	FAAP24	0.6118485	Up
2540	TTC3P1///TTC3	0.6104309	Up
2923	STUB1	0.6102231	Up
3434	DCAF6	0.6100909	Up
2146	CALCOCO2	0.6094587	Up
732	TUBA4B	0.6090986	Up
2047	NDNF	0.6055317	Up
3353	IKBKG	0.6051664	Up
3186	COL1A1	0.6038657	Up
3506	LINC00563	0.6013198	Up
2423	CLCN7	0.601244	Up
3183	MTDH	0.60123	Up
1545	LINC01210	0.6000772	Up
2471	CBX3	0.5988606	Up
3224	HNF4A	0.5970673	Up
3465	NIFK-AS1	0.5951025	Up
3483	KRT2	0.589646	Up
1952	MED14	0.5844358	Up
2499	DHX36	0.5716354	Up
1910	STXBP6	0.5700037	Up
1977	DESI2	0.5688566	Up
3233		0.568305	Up
2699	SATB1-AS1	0.5680614	Up
2856	ZNF81	0.5667487	Up
2232	GNG3	0.5637077	Up
2865	SULT1B1	0.5591914	Up
2257	CARD10	0.5577157	Up
2285	PADI1	0.5570537	Up
1563		0.5464816	Up
2458	ULBP1	0.5461705	Up
2181	BCAN	0.5443642	Up
3486	MFSD12	0.5419127	Up
2938	LURAP1	0.5417645	Up
2888	SERF2-C15ORF63///MIR1282///HYPK///SERF2	0.5416576	Up
2474	MEI1	0.540854	Up
2117	SLAMF6	0.5362557	Up
2230	ZNF641	0.5334293	Up
2567	LOC101929007	0.5301206	Up
2079	PPP6R1	0.5249667	Up
2863	LOC100505918	0.5238209	Up
3206	LINC00884	0.5233042	Up
2252	MRPL9	0.5204014	Up
3250	ITSN1	0.5203703	Up
2626	NR5A2	0.5131128	Up
2452	TP53TG3B///TP53TG3D///TP53TG3C///TP53TG3	0.5108833	Up
2424	PAM16	0.5074126	Up
3115	VDAC3	0.5065218	Up
3402	ADCY2	0.5056953	Up
2739	APCDD1L-AS1	0.5014836	Up
3269	ATP6V1G2	0.4967205	Up
3072		0.4936325	Up
2309	TMEM151B	0.4856697	Up
3420	LOC105370829	0.4797171	Up
3027		0.477029	Up
3364	DYNC1LI2	-0.4201565	Down
3009	TPM1	-0.4559914	Down
2191	MIR3654///EEF1G	-0.4680154	Down
2773	CTDSP2	-0.4687093	Down
3435	RING1	-0.4694032	Down
2858	SNORD68///RPL13	-0.4884005	Down
2652	SNORA52///RPLP2	-0.4952466	Down
3265		-0.5000486	Down
2729	TPM1	-0.5000756	Down
3181	PAFAH1B1	-0.5205416	Down
2000	CNTNAP4	-0.5235942	Down
3283	TCF21	-0.524033	Down
2920	SLC25A4	-0.5244155	Down
1725	ELOVL5	-0.5340493	Down
1950	GSTM1	-0.5418711	Down
1960	FAM210B	-0.5521451	Down
2196	NGRN	-0.5556214	Down
3409	IRF3	-0.5568653	Down
2631	MAP4	-0.5581126	Down
2706	PDLIM1	-0.559279	Down
2742	TECR	-0.5637644	Down
2052	ACTA2-AS1	-0.5679055	Down
2709	WIPI2	-0.568146	Down
2477	AHNAK	-0.5707034	Down
3193	NR2F6	-0.5708351	Down
850	ACADVL	-0.5799242	Down
2600	MIR6866///CASC3	-0.5838515	Down
3134	ECE1	-0.586345	Down
2829	UNC45A	-0.5926351	Down
2373	MASP2	-0.593156	Down
3355	MAGEF1	-0.5968379	Down
3049	MYO15B	-0.5975387	Down
2752	POLR3H	-0.5997617	Down
1584	VPS35	-0.6002738	Down
1481	FAM168B	-0.606908	Down
1830	ZBTB44	-0.6077408	Down
3282	SRRT	-0.6082244	Down
3246	FNBP4	-0.6096433	Down
2306	HHLA1	-0.6109883	Down
3029	HIPK2	-0.6144664	Down
1940		-0.6160128	Down
2431	SYNGR1	-0.6178448	Down
3286		-0.6187735	Down
2240	FLOT2	-0.620861	Down
3080	TEAD1	-0.6250519	Down
3478	IER2	-0.6267332	Down
3057	MUC13	-0.6276429	Down
1521	ACTN1	-0.6283453	Down
3260		-0.6302393	Down
1833	PDK3	-0.6303973	Down
3121	MDK	-0.6318009	Down
2648	CD59	-0.6349927	Down
1025	ZBTB4	-0.6352318	Down
1205	GSTM1	-0.6392	Down
3347	TMEM184C	-0.6397863	Down
2808	SCAPER	-0.6412137	Down
1875	SCARB2	-0.6457124	Down
2531	APLP2	-0.6465384	Down
3084	APLP2	-0.6484589	Down
2691	LINC00525	-0.649607	Down
2614	CDKL5	-0.6497594	Down
3372		-0.6500191	Down
2922	OVCA2///DPH1	-0.6537418	Down
2545	SLC38A2	-0.6538715	Down
3074	TMEM216	-0.6573958	Down
3056	ADARB1	-0.6581561	Down
1930		-0.6623639	Down
3022	SRSF5	-0.663331	Down
2412	COL27A1	-0.6635514	Down
2375	CES2	-0.6637352	Down
3204	PPIL2	-0.6684198	Down
3117	OTOP2	-0.6700257	Down
2264	MUC3	-0.670762	Down
1007	GNL1	-0.6707749	Down
2654	PCCA	-0.6715064	Down
2419	PPP1CB	-0.6734808	Down
2370	SCAMP5	-0.6740188	Down
3363		-0.6746751	Down
3222	SRSF8	-0.6767824	Down
2411	TTC12	-0.6773037	Down
876	TPM2	-0.6791426	Down
2768	LINC00544	-0.6800891	Down
2684	TXNIP	-0.6848194	Down
1583	EFNA5	-0.6856335	Down
3123	STAC2	-0.6878298	Down
3254	SPIN1	-0.6883309	Down
1206	RERE	-0.688872	Down
1912	SP6	-0.6892267	Down
3060	FBXO25	-0.6906071	Down
1981	TNR	-0.693418	Down
751	GSTM2	-0.6954474	Down
2364		-0.6962816	Down
3333	GNA11	-0.6969049	Down
3024	TDRD7	-0.697961	Down
2268	CCDC62	-0.6983865	Down
3464		-0.6985109	Down
2917	CHD9	-0.7009372	Down
1515	PKHD1	-0.7012871	Down
2351	SPATA4	-0.7018367	Down
2873	SMAD4	-0.7024789	Down
1259		-0.7026145	Down
1550	SUGP2	-0.7059669	Down
3196	CFLAR	-0.7069665	Down
1382	VPS35	-0.708256	Down
3039	LOC101929717	-0.7117041	Down
2714	CSNK2A2	-0.7118602	Down
2673	KIAA0319L	-0.7122919	Down
3472	TRIM66	-0.7123714	Down
1931	SLC43A2	-0.713192	Down
2415	LINC01343	-0.7145242	Down
2023	EIF3L	-0.7172364	Down
2766	LOC728445	-0.7182652	Down
3350	ZHX3	-0.7185756	Down
3268	LINC00689	-0.7189981	Down
3112	LOC646588	-0.7223425	Down
2502	TGFB2	-0.7230929	Down
1590	LOC286161	-0.7255882	Down
3389	UNC13C	-0.7264267	Down
3037	ANO8	-0.7286788	Down
3403	ALPL	-0.7311598	Down
1688	EZH1	-0.7312603	Down
1536	TRIP6	-0.7314095	Down
709	TAGLN	-0.7319807	Down
3179	ERN2	-0.7335436	Down
2243		-0.7354897	Down
922	NCOA1	-0.7368407	Down
1645	LOC101929683	-0.73835	Down
1532	SLC26A7	-0.7393593	Down
2970		-0.7410929	Down
1794	ITGA3	-0.7414105	Down
2851	SRCAP	-0.7414885	Down
1707	AUTS2	-0.7420752	Down
1037	HOXD10	-0.7425981	Down
2637	GPR150	-0.7426061	Down
821	FBXO44	-0.7437414	Down
2812	REM2	-0.7441404	Down
1213	ZBTB47	-0.7446056	Down
2747	COL27A1	-0.7448657	Down
3448	CFLAR	-0.7460415	Down
862	CTSF	-0.747132	Down
1929	HYI	-0.7471842	Down
1634	SLC38A2	-0.748518	Down
3113	LOC440792	-0.7500173	Down
2960	BCL7B	-0.7529948	Down
2643		-0.7569292	Down
2954		-0.7582184	Down
2281	NAA40	-0.7605748	Down
1322	KHK	-0.7613045	Down
523	SEC14L4	-0.7630779	Down
2438	BRCA2	-0.7647012	Down
972	GSTP1	-0.7651243	Down
2325	SYN1	-0.7684858	Down
1400	RFX1	-0.7686098	Down
2831	BCL2L2	-0.7687801	Down
2997	RPL37A	-0.7690129	Down
2376	TRH	-0.770241	Down
479	ID4	-0.7705305	Down
1991	SLC43A3	-0.7722095	Down
1527	ZNF185	-0.7753055	Down
2336	CDK2AP2	-0.7758355	Down
3026	ARPC4-TTLL3///TTLL3///ARPC4	-0.7761545	Down
1792	TCTE3	-0.7768436	Down
3033	TCEANC	-0.7769674	Down
2169	ZBTB20	-0.7781417	Down
2705	ANKRD65	-0.7790118	Down
3444		-0.7809832	Down
3054	BTG1	-0.782526	Down
2933	TVP23C-CDRT4///CDRT4///TVP23C	-0.7846697	Down
3221	ARID5A	-0.785539	Down
2206	EPHB4	-0.7865577	Down
1244	MT1G	-0.7883565	Down
865	PQLC1	-0.7885578	Down
1258		-0.792399	Down
1780	SLAMF9	-0.7925638	Down
2968	NLN	-0.7929546	Down
1593	ARHGEF28	-0.7946942	Down
3299	NADSYN1	-0.7977124	Down
2265	FDFT1	-0.7982664	Down
814	ERICH1	-0.7987466	Down
1620	CIRBP	-0.7989666	Down
1808	MIR6513///TMBIM1	-0.799371	Down
3343	GPATCH3	-0.7994493	Down
1411	ZBTB20	-0.7997009	Down
2852	ATXN1L	-0.8002761	Down
3425	LOC643659	-0.8009724	Down
3482	CYP1B1-AS1	-0.8010505	Down
3280	TSNAXIP1	-0.8016385	Down
1651	LOXL2	-0.8022349	Down
2088	ADAT3	-0.8025342	Down
3200		-0.8035535	Down
3338	LOC101929450	-0.8039192	Down
2295	BAZ2B	-0.8050454	Down
3187	PRPF8	-0.8052431	Down
967	LINC00593	-0.8052471	Down
1431	DPYSL2	-0.8081657	Down
1980	LOXL4	-0.8097364	Down
2650	ZNF317	-0.8106092	Down
3004	FGD5-AS1	-0.8133835	Down
3176		-0.8135618	Down
2065	FLII	-0.8135934	Down
389	GRB10	-0.813719	Down
2568	SEC22C	-0.8142618	Down
1677	HYI	-0.8163018	Down
2836	BTG3	-0.817585	Down
2986	FRZB	-0.819307	Down
3050		-0.8196823	Down
2503		-0.8206661	Down
2583	ZNF436-AS1	-0.8216628	Down
3288	MAFF	-0.8219034	Down
3109		-0.8223226	Down
765		-0.8224059	Down
2621	GNA12	-0.8229293	Down
2776	TMED8	-0.825603	Down
249	SFN	-0.8260699	Down
3467		-0.8281706	Down
1573	VPS37C	-0.8289199	Down
2995	GDF15	-0.829367	Down
1291	SMARCC2	-0.8303975	Down
2750	TBATA	-0.8306658	Down
2727		-0.8311195	Down
3162	RNF207	-0.832144	Down
3248	CYR61	-0.8332616	Down
1763	PARP3	-0.8338788	Down
2596	GFI1B	-0.8359499	Down
996		-0.8363915	Down
1365	ASXL2	-0.8365931	Down
2558	PI3	-0.836998	Down
3133	TBC1D14	-0.837493	Down
3165	CLDN2	-0.8380187	Down
1162	TAGLN	-0.8392552	Down
3481	CADM2	-0.8394234	Down
2633		-0.8424054	Down
2352	LPCAT3	-0.842976	Down
353	CLU	-0.8430038	Down
1829	NINL	-0.8453618	Down
2006	DMRT1	-0.84553	Down
3087	ELMOD3	-0.8458386	Down
3407	ZNF777	-0.8473402	Down
3046		-0.8477077	Down
2775	COL28A1	-0.8481282	Down
2451	ABI3BP	-0.8491473	Down
2809	PLA2R1	-0.8503008	Down
3477	ARRDC4	-0.8503718	Down
1577	CDH2	-0.8515637	Down
2821	EGLN1	-0.8519475	Down
1655	LOC101927159	-0.8534966	Down
2740	RTN4RL1	-0.8544307	Down
1562	GPM6B	-0.8547677	Down
2272		-0.8560661	Down
2738	IP6K2	-0.8568175	Down
2736	OTX2	-0.8574867	Down
2324	CDC42EP4	-0.8599031	Down
2069	PTGS1	-0.8603701	Down
3337	HACD4	-0.861244	Down
1656	TSPAN14	-0.8620725	Down
2263	LPP	-0.8625245	Down
2270	IFT27	-0.8626	Down
2208	STAG3L2///STAG3L3///STAG3L1	-0.8633354	Down
3101	CELSR2	-0.8650106	Down
2988	ZSWIM8///SAT1	-0.8660334	Down
915	ECHDC2	-0.8661254	Down
2566		-0.8661549	Down
1180	CD59	-0.8667005	Down
1402	PRPSAP1	-0.8674343	Down
3356	FAM228B	-0.8680371	Down
754	NUDT3	-0.868488	Down
1105	CROT	-0.8689044	Down
1384	SP1	-0.8690179	Down
3316	TRMT10B	-0.8690944	Down
1309	VPS37C	-0.8697429	Down
3480		-0.8699715	Down
3237	EGR1	-0.8703361	Down
2982	STOM	-0.8704805	Down
1771	MYO9A	-0.8705661	Down
933	PADI2	-0.8714598	Down
3238	TREML3P	-0.8730224	Down
2307	KMT5B	-0.8752936	Down
3454	HDHD3	-0.875671	Down
2765		-0.8779096	Down
3245		-0.8790386	Down
1772	TLX2	-0.879853	Down
3351	MAPK7	-0.879968	Down
2847	NFIX	-0.8800588	Down
970	CELF1	-0.8809937	Down
2372		-0.8819333	Down
2198	TCF7L1	-0.8822443	Down
1868		-0.8828452	Down
978	TSC22D1	-0.8830682	Down
2914	FBXO42	-0.883207	Down
2068	MBTPS1	-0.883367	Down
3301	ZNF560	-0.8833947	Down
1604	PLA2G4B///JMJD7-PLA2G4B	-0.8843667	Down
3346	EXTL3-AS1	-0.8844806	Down
2293	ROCK1	-0.8847442	Down
184	WASF2	-0.8855929	Down
2565	LRGUK	-0.8856888	Down
2204	SMG6	-0.8859698	Down
3068	FUT9	-0.8861542	Down
3020	STEAP3	-0.8866131	Down
3417	PVRL3-AS1	-0.887563	Down
3352		-0.8885939	Down
2965	RIMS3	-0.8894036	Down
1253	OR7A10	-0.8896877	Down
1235	NPC1L1	-0.8898791	Down
1370	PINK1	-0.8918365	Down
973	SRRT	-0.8925324	Down
2751		-0.8930102	Down
2016	TRIM45	-0.8932128	Down
1716		-0.8932575	Down
1334	LINC01138	-0.8938051	Down
2538	PYGB	-0.8962828	Down
2624	ADGRA3	-0.8972389	Down
3063	HOXB-AS3	-0.8972439	Down
3410	LOC101928818///PWRN1	-0.8975185	Down
2156	MAP2K1	-0.8980898	Down
2877	ZBTB20	-0.8986106	Down
3313	LINC00347	-0.8997524	Down
591	FDFT1	-0.9002153	Down
1877	ESPNP///ESPN	-0.9007167	Down
2107	FGD4	-0.9007509	Down
2089	AIM1	-0.9025547	Down
1432		-0.9060999	Down
3061	TMEM102	-0.906566	Down
1956	CMTM6	-0.9066031	Down
1951	CLCNKB///CLCNKA	-0.9070692	Down
2998		-0.9078848	Down
912	TMEM259	-0.9086893	Down
2162		-0.9087314	Down
3451	KCTD7///RABGEF1	-0.9093328	Down
499	TEX264	-0.9103502	Down
1088	C21orf59	-0.9113696	Down
1408	HS3ST1	-0.9120918	Down
3328		-0.9124133	Down
2186	C10orf71	-0.9140851	Down
2143	LAMC3	-0.9141281	Down
3456	SSTR5	-0.9158516	Down
1283	STYK1	-0.9166894	Down
2963	AMIGO2	-0.9172237	Down
1864	DLG5	-0.9174215	Down
693	AUH	-0.9183319	Down
1172	CRIPT	-0.9186823	Down
1629	MCCC1	-0.9188907	Down
2666	NOVA2	-0.9190209	Down
1859	MPHOSPH6	-0.920022	Down
3391	THAP11	-0.9222023	Down
1450	NTN5	-0.9223457	Down
434	ACTN1	-0.9228838	Down
1467	VDAC1	-0.9236193	Down
1972	ASCL2	-0.9256764	Down
2381	C17orf74	-0.9274975	Down
1611	FBXO21	-0.9285719	Down
1398		-0.929292	Down
1352	EGR1	-0.9295362	Down
1858	STAT5B	-0.9315264	Down
1454	SYN2	-0.932311	Down
2787	SGK2	-0.9324537	Down
2239		-0.9334726	Down
3452	POLR2F	-0.934404	Down
1214		-0.9347986	Down
3256		-0.9351655	Down
2680	UBXN2A	-0.9352034	Down
2113	LINC01620	-0.9353166	Down
3163	FLJ37453	-0.9360483	Down
3059	AGA	-0.9362037	Down
2314	TMEM132B	-0.9365696	Down
1576	JUN	-0.9384203	Down
1266	RILPL2	-0.9384847	Down
2796	TP53TG5	-0.9390633	Down
2605	MIR3671///MIR101-1	-0.9390964	Down
296	NTRK3	-0.9391431	Down
2890	GNL1	-0.9400948	Down
170	SFN	-0.9410331	Down
3234	LOC101929500///CRIM1	-0.9411248	Down
1894	LCN15	-0.941663	Down
2378	EHD3	-0.9430566	Down
2235		-0.9430921	Down
2316	LOC101928269///LOC100506403///RUNX1	-0.9431813	Down
1610	TAS2R7	-0.9433102	Down
2874	TRNP1	-0.9435054	Down
2913	IL11	-0.9437164	Down
3278	HOXD9	-0.9447885	Down
3058	ZNF514	-0.9460614	Down
2120	EQTN	-0.9461213	Down
3436		-0.9464557	Down
3411	TMEM54	-0.9472122	Down
2460	RNF217	-0.950878	Down
2402	COMMD10	-0.9511444	Down
1371	LRRC74A	-0.9520476	Down
952	CPLX1	-0.9523208	Down
1347	OBSL1	-0.9533324	Down
2817	LOC101927124	-0.9549221	Down
2718	TES	-0.9549403	Down
3325	RPA1	-0.9552387	Down
2466	SH3BP4	-0.9554632	Down
735	RBPMS	-0.9556658	Down
986		-0.9559946	Down
3285	CYP17A1	-0.9567333	Down
2190	ERCC6L2	-0.957357	Down
393	MPZL2	-0.9574424	Down
3166	RAB27A	-0.9596578	Down
613		-0.962534	Down
3148	RFX4	-0.9627581	Down
3495	TTC9B	-0.9629312	Down
2157	CENPBD1	-0.9637913	Down
284	UNC119B	-0.9639668	Down
2437	IGFBP6	-0.9649109	Down
3136	NR4A1	-0.9649395	Down
1099	CMTM7	-0.9650757	Down
2564	PPP6C	-0.9654111	Down
3457	LOC105374676	-0.9657299	Down
1900	CRNDE	-0.966398	Down
2164	TMEM129	-0.9677386	Down
1241	AMT	-0.9678222	Down
1988	C16orf92	-0.9678276	Down
2649	CXCL2	-0.9679692	Down
2459	EPN2-IT1///EPN2	-0.9680292	Down
2446	APH1B	-0.9682285	Down
3433	NSG1	-0.9688445	Down
1594		-0.9690195	Down
1276	ZNF207	-0.9704395	Down
2628	ZC3H7B	-0.9725545	Down
2569	MIR6875///TRIP6	-0.9730904	Down
2733		-0.9733662	Down
3213	DCBLD2	-0.9745731	Down
3219	DHX34	-0.9754069	Down
1335	MAPK8IP3	-0.9765492	Down
3227		-0.9774933	Down
3359	ATL3	-0.9790618	Down
1755	DUSP1	-0.9797108	Down
2522	TP63	-0.979791	Down
1349	ATL1	-0.9801622	Down
1161		-0.9814415	Down
1444	FNBP4	-0.9817123	Down
333	CRAMP1	-0.9821793	Down
2737	FAM46B	-0.9827752	Down
1200	TP53BP1	-0.9846625	Down
1932	GABARAPL3///GABARAPL1	-0.9848673	Down
2140		-0.9852191	Down
2857	BTBD17	-0.9857152	Down
311	CLU	-0.986521	Down
2916	LINC00685	-0.9869324	Down
771		-0.9870296	Down
2530	HDAC5	-0.9882891	Down
2507		-0.9891779	Down
3357	TMEM75	-0.9893418	Down
1265		-0.9898007	Down
1648	HYI	-0.9901596	Down
2228		-0.9902079	Down
2468	SERP2	-0.9902624	Down
3432	MTHFSD	-0.9906829	Down
1968		-0.9929521	Down
2879	TEAD2	-0.9931954	Down
3229	LINC01449	-0.9939637	Down
1198	LOC283713///OTUD7A	-0.9947018	Down
3279	ALOX12B	-0.9953594	Down
2267		-0.9955476	Down
1154	MBTPS1	-0.9959884	Down
857	CIAO1	-0.9980401	Down
2862	PRDM15	-0.9981785	Down
584	C19orf81	-0.9984553	Down
811	FAM160A2	-0.9989082	Down
2595	LOC284023	-0.9990516	Down
3088	WIPI1	-0.9990869	Down
391	BBS1	-1.0008964	Down
3144	CRNN	-1.0010654	Down
1867	PCDHB9	-1.0019832	Down
3459	PRKAR2A	-1.0024013	Down
2936	MXRA7	-1.0027608	Down
1628	ZNF274	-1.0032089	Down
189	ARHGEF28	-1.0034143	Down
1671	TXNIP	-1.0042091	Down
1840	LINC00951	-1.0048889	Down
1712	C12orf74	-1.0055626	Down
1367	NSG1	-1.0061085	Down
2604	PAPPA	-1.0071301	Down
2443	LINC01020	-1.0076057	Down
1163	SLC25A25-AS1	-1.0106377	Down
1116	CHD9	-1.0110018	Down
2011	FLNB	-1.0110331	Down
422		-1.0113355	Down
1666	TMEM220	-1.0118812	Down
2712	SP1	-1.0120408	Down
2233	OR10D3	-1.0144681	Down
2498		-1.0146728	Down
2855	PADI2	-1.0154281	Down
1281	CGB1///CGB8///CGB7///CGB5///CGB3	-1.0154428	Down
2516	ZNF568	-1.0160633	Down
1724	ARSD	-1.0163431	Down
1338	SP4	-1.017271	Down
589	ACCS	-1.0173228	Down
691	INS	-1.0175081	Down
1407		-1.0182865	Down
1036	ARHGEF37	-1.0183326	Down
2108	RGS12	-1.0192222	Down
3203	KRT7	-1.0195509	Down
1041		-1.0208346	Down
2041	CHIC2	-1.0208853	Down
1315		-1.0210673	Down
1353	GNL1	-1.0211476	Down
1893	PAFAH1B2	-1.0214813	Down
1504	MAGI1	-1.0239731	Down
1640	CAT	-1.0253787	Down
2797	TNNC2	-1.0266373	Down
2974		-1.0284446	Down
509	TOLLIP	-1.0301862	Down
3272	STON2	-1.030743	Down
2611	BCL11A	-1.0307521	Down
1704	MAPT-AS1	-1.030806	Down
2746	LOC101928973	-1.0308626	Down
798	BOC	-1.0313952	Down
1861	PAX1	-1.0331404	Down
3014		-1.0340775	Down
2861	WFDC2	-1.0344133	Down
1160	LRP5	-1.0353144	Down
1721	NR6A1	-1.0358398	Down
2002	LINC00470	-1.036164	Down
2277	SPATA19	-1.0361876	Down
3317	NPHP3	-1.0362314	Down
2744	SATB1	-1.0363151	Down
2051	OSTM1-AS1	-1.037109	Down
2762	DSERG1	-1.0386613	Down
2476	LOC338667	-1.0395173	Down
409	CSRP1	-1.0397591	Down
1787	PLG	-1.0398978	Down
1249	KLK6	-1.0399646	Down
3400	LINC00397	-1.0403052	Down
2640	OR7E47P	-1.0404713	Down
595	GOLGA8A	-1.0415883	Down
2097		-1.0417928	Down
2778	EFS	-1.0424855	Down
856	SCARF2	-1.0426227	Down
731	ENKD1	-1.0433245	Down
742	MYL9	-1.0434545	Down
1623		-1.0436012	Down
467	CWF19L2	-1.0436066	Down
2301	PIK3R1	-1.0440829	Down
975	KRT6B	-1.044095	Down
2383	BOK	-1.0451998	Down
2367	OBSL1	-1.045423	Down
637	SLC16A5	-1.0459925	Down
1560	LINC00955	-1.0460298	Down
1873		-1.0464979	Down
1015	UNC5C	-1.0473394	Down
2163	ZNF747	-1.0477775	Down
193	LINC01554	-1.0487132	Down
2788	CBX7	-1.0500784	Down
2957	CUL1	-1.0509515	Down
774	CHPT1	-1.0520214	Down
1396	RTN2	-1.0535363	Down
2679		-1.0535481	Down
1184	ADHFE1	-1.0535539	Down
1410	SNORA70///RPL10	-1.0536071	Down
517	ZFP41	-1.053798	Down
1491	ANKRD37	-1.0547858	Down
2901	GALR3	-1.0550968	Down
3053	LOC286154	-1.0553852	Down
897		-1.0564559	Down
2943		-1.0566123	Down
1064	IRX3	-1.057579	Down
698	SIK3	-1.0581973	Down
1941	LOC644172///MAPK8IP1	-1.0590196	Down
3368	MDH1B	-1.0590226	Down
1337	AFF4	-1.0590901	Down
2141		-1.0592663	Down
2866	IRS1	-1.0592901	Down
2339		-1.0596058	Down
107	FOXC1	-1.0596878	Down
2455	CCDC40	-1.0611946	Down
2524	TRIO	-1.0619549	Down
3040	SPATA6L	-1.0619791	Down
2425	DRP2	-1.0620421	Down
1553	LOC101927133	-1.0627067	Down
982	METTL7A	-1.0630312	Down
2656	TIAL1	-1.0643779	Down
2971	KREMEN1	-1.0645055	Down
1863	TGFBR3	-1.0646332	Down
929	PPM1K	-1.0646942	Down
1919	GOLGA7B	-1.0648646	Down
2469	RNF114	-1.0660893	Down
985	SIRT5	-1.0668286	Down
3437	SYN2	-1.0683496	Down
2020	ANKRD35	-1.068533	Down
2547	LOC101927256	-1.0693416	Down
2551	C16orf71	-1.069632	Down
2436	PLXNB2	-1.0717453	Down
949	NDUFA5	-1.0721513	Down
3274	F11	-1.0721752	Down
3212		-1.0726838	Down
1681	FAT1	-1.0727156	Down
891	FTO	-1.0731319	Down
2320	EIF1	-1.0733447	Down
2864	SEMA6A	-1.0752834	Down
1153	YAP1	-1.0755886	Down
1102	GUCY1A3	-1.0764459	Down
2561	EPM2A	-1.0766155	Down
3396	TSPAN6	-1.077064	Down
1632	THYN1	-1.0779277	Down
2003	CFAP20	-1.0782759	Down
3230	WDR59	-1.0783844	Down
2341	DNAJC18	-1.0790658	Down
983	SLC16A5	-1.0797877	Down
412	COL7A1	-1.0810235	Down
1059	TRIM74///TRIM73	-1.0812927	Down
3215	OSGIN1	-1.0814925	Down
1330	CKMT2-AS1	-1.0846063	Down
3470		-1.0855134	Down
2485	C2orf57	-1.0868718	Down
1135	MIR6883///PER1	-1.0872095	Down
1793	CYP4A22///CYP4A11	-1.0880793	Down
2380	PDE1A	-1.0891852	Down
3424		-1.0892004	Down
2447	ERCC1	-1.0895305	Down
395	LOC100506990	-1.0897234	Down
657	AREL1	-1.0897827	Down
2989	ZCCHC2	-1.0901435	Down
2112	LOC101805491///TMEM247	-1.0901974	Down
1247		-1.0918526	Down
1191	CNTNAP4	-1.0919535	Down
1435	VPS53	-1.0921449	Down
1627	FOLR1	-1.0926538	Down
1668	KMT2D	-1.0933119	Down
2887	NT5C1B-RDH14///NT5C1B	-1.0934389	Down
3199	SPCS3	-1.0936288	Down
1296	CELSR2	-1.0945491	Down
3479	NUB1	-1.0949485	Down
820	RARG	-1.0954143	Down
2950	SLMAP	-1.0969605	Down
3303	SLC6A2	-1.0980238	Down
2571		-1.0982836	Down
880	LOC100293211///IGHG1	-1.0984024	Down
2576	EGR1	-1.0990521	Down
2745	SLC39A8	-1.0994167	Down
1738		-1.0999329	Down
1314	KCNC4	-1.0999847	Down
2027	NMNAT1	-1.1002891	Down
2480	YAP1	-1.1007491	Down
740	LOC100293211	-1.1023416	Down
3160		-1.1051331	Down
2632		-1.1052409	Down
2700	TNS1	-1.1091571	Down
3211	METTL8	-1.1092492	Down
2253	ATP1B1	-1.1098511	Down
1892	GFPT1	-1.1099088	Down
2334	PRRC2B	-1.1107866	Down
1927	SOX30	-1.1111543	Down
903	DCC	-1.1112935	Down
1509	FAM120C	-1.1114461	Down
2588	TM4SF1	-1.1127434	Down
1734	HOXA7	-1.1128826	Down
2497		-1.1130151	Down
2743	TFCP2L1	-1.1133861	Down
1909	BCL2	-1.1134889	Down
1376	ZSCAN25	-1.1143874	Down
1821	DSC1	-1.1150474	Down
1129	ALDH7A1	-1.1153538	Down
646	EGFR	-1.1154262	Down
3155	HACD1	-1.1156612	Down
863	PTPRK	-1.1160175	Down
838		-1.1164608	Down
2511	CEP126	-1.1165354	Down
1461	ZNF594	-1.1171081	Down
1964	RBMS1	-1.1179563	Down
2725	PROX1	-1.1192843	Down
2454	ZNF544	-1.1197291	Down
2225	TPM1	-1.1197841	Down
1592	WIZ	-1.120127	Down
2896	CHDH	-1.1202995	Down
2962		-1.1207831	Down
1358	ARAP2	-1.1231738	Down
1544	IGF2BP2	-1.1243976	Down
2493	ARHGEF19	-1.1244156	Down
3500	SPTBN1	-1.1246731	Down
685	LOC91450	-1.1249103	Down
817	DNAH5	-1.1250211	Down
2354	SLC26A10	-1.1254878	Down
1616	PYROXD2	-1.1270814	Down
3036	COPS4	-1.1272235	Down
1399	FOXN3	-1.1275887	Down
724	LOC101929153	-1.1280158	Down
1790	MT1F	-1.1291193	Down
344	PHGDH	-1.1301044	Down
1462	MOGAT2	-1.1308669	Down
1150	ANKRD40	-1.1310122	Down
2770	SAMMSON	-1.1318133	Down
3094	ERICH1	-1.1326418	Down
398	SLCO4A1-AS1	-1.1330831	Down
578		-1.1337858	Down
2617	CT47A12///CT47A1///CT47A2///CT47A3///CT47A4///CT47A5///CT47A6///CT47A8///CT47A9///CT47A10///CT47A7///CT47A11	-1.1344099	Down
2160		-1.1351064	Down
2214		-1.1353486	Down
2972	DERA	-1.1382093	Down
1727	NOTCH2	-1.1385983	Down
2994	LITAF	-1.1386384	Down
2362	TVP23C-CDRT4///CDRT4///TVP23C	-1.1397715	Down
1609	NAT6	-1.1399093	Down
2544	LIPJ	-1.1405239	Down
1942	FCGBP	-1.1409367	Down
2356		-1.1410739	Down
2925		-1.1414129	Down
154	ZNF395	-1.1419586	Down
1749	CDK10	-1.1436022	Down
1783	LOC100996325	-1.1438128	Down
1832	GNB5	-1.144924	Down
938	RPH3AL	-1.1464179	Down
1476	JUN	-1.1465914	Down
2935	FLJ26850	-1.1466406	Down
2764		-1.1471642	Down
642	GRID1-AS1	-1.1474121	Down
2237	NOVA1	-1.1475635	Down
2634	SUB1	-1.1475776	Down
2348	CSRNP3	-1.1476732	Down
1938	DOCK5	-1.1481076	Down
1100	LOC145694	-1.1491181	Down
2510		-1.149684	Down
2105	LOC101928042///LOC101927579	-1.1498341	Down
714	ERICH1	-1.1501811	Down
3011		-1.150885	Down
881	PCYT1B	-1.1510593	Down
1466	FLII	-1.1510655	Down
2388	C1orf21	-1.1511197	Down
1555	LINC01330	-1.1520662	Down
3122	CENPBD1P1	-1.1526155	Down
3262	RAPGEF2	-1.1534313	Down
1761	BOC	-1.1534781	Down
1302	PBRM1	-1.1536815	Down
347	DTX3	-1.1544704	Down
305	EXOC7	-1.1551855	Down
2080	MIR2052HG	-1.155241	Down
588	ATP1A1-AS1	-1.1552993	Down
2837	NAA40	-1.1562544	Down
564	SMIM10L2B///SMIM10L2A	-1.1585283	Down
1348	MRPL49	-1.1587578	Down
3426	TMEM243	-1.1590613	Down
2814	CALY	-1.1593082	Down
1229	BIN1	-1.1594545	Down
744		-1.1598239	Down
2210	TP73	-1.1599717	Down
2532	LRRC37A7P	-1.1604623	Down
3504	DUSP16	-1.1606606	Down
716	FETUB	-1.1611295	Down
3404	TTC22	-1.163657	Down
2199		-1.1637478	Down
762	ZNF268	-1.1642118	Down
1526	FTHL17	-1.1642575	Down
1321	CLDN11	-1.1645884	Down
1770	LILRA5	-1.1649893	Down
1446	GNL1	-1.1653475	Down
1543		-1.1681968	Down
1085	MT1X	-1.1682665	Down
2347	ZNF71	-1.1683286	Down
3449		-1.1685426	Down
622	LOC100289090	-1.1688635	Down
1860	KRTDAP	-1.1688903	Down
3334	MTURN	-1.1689339	Down
2659	SPNS3	-1.1690045	Down
1299	MYL9	-1.1702926	Down
1904	IL15RA	-1.1715021	Down
1072	APLP2	-1.1722477	Down
321	DCUN1D3	-1.1729619	Down
1692		-1.1732576	Down
2741	LPP-AS2	-1.1741621	Down
2692		-1.1746675	Down
815	WDR1	-1.1751218	Down
374	RBPMS	-1.1752201	Down
984	APLP2	-1.1753544	Down
2205	IRX5	-1.1757527	Down
1806		-1.1758875	Down
2365	BEX2	-1.175922	Down
1848		-1.1776437	Down
2289	NES	-1.1778355	Down
2669	PLEKHA5	-1.1782232	Down
2980	NTRK3	-1.1782898	Down
1795		-1.1785155	Down
2081		-1.1791621	Down
1823	VWA5A	-1.1798963	Down
2999	ZNF395	-1.1803758	Down
586	CDAN1	-1.1806115	Down
3093	B3GALT5-AS1	-1.1807969	Down
1957	VWA8	-1.1812606	Down
535	INHBB	-1.1814952	Down
3175	LOC285692	-1.1822548	Down
146		-1.1838992	Down
1564	FAM107A	-1.1841113	Down
3322	MYOF	-1.1852305	Down
1514	HCG18	-1.1852448	Down
1463		-1.1854056	Down
690	VSNL1	-1.1857525	Down
2822	BCAP29	-1.1860764	Down
3453	YPEL2	-1.1865228	Down
323	SBNO1	-1.1866882	Down
1471	RRAS2	-1.186691	Down
2734	PLK2	-1.1872822	Down
2413	PEG3	-1.1881332	Down
1405	LOC101928076	-1.1891433	Down
1915		-1.1900821	Down
1617	CDCA7L	-1.190612	Down
2439	RTN2	-1.1909568	Down
2310	LYPD3	-1.1915791	Down
670	COPS7B	-1.1916044	Down
2184	LOC100287576///DGCR5	-1.1936276	Down
914	MYO9A	-1.1937309	Down
739	ERC1	-1.194097	Down
2122	ZNF611	-1.1942267	Down
2180	OBSL1	-1.1942299	Down
3503	CDHR3	-1.1947285	Down
2749	GLOD5	-1.1950492	Down
3253	PELO	-1.1950693	Down
2834		-1.1968697	Down
604	NCALD	-1.197708	Down
1341	MYF5	-1.1977372	Down
2312		-1.1979034	Down
991	MRPS25	-1.1986585	Down
2187	GPS1	-1.1988693	Down
573	LOC101928841	-1.1991309	Down
1452	SFXN2	-1.1996101	Down
2763	GYPB	-1.2002694	Down
1076		-1.2011715	Down
860	PSPN	-1.2015728	Down
1359	GRIA4	-1.2024646	Down
2668		-1.2026884	Down
3295		-1.2027415	Down
1212	LOC101927151	-1.2034232	Down
1372	MFGE8	-1.2040861	Down
2283		-1.2049213	Down
1392		-1.2051229	Down
2262	SHANK2	-1.2055278	Down
1475	HIPK2	-1.2058378	Down
2119	SIKE1	-1.2068551	Down
833	ACOX3	-1.2082835	Down
664	PIGM	-1.208756	Down
3505	PUM1	-1.2095005	Down
777	POMT1	-1.2098313	Down
687	HNRNPA3	-1.2117123	Down
1364	LOC100507201	-1.2123581	Down
1295		-1.2123917	Down
2018	C17orf105	-1.2125382	Down
3016	ZNF286B///ZNF286A	-1.2128288	Down
3267	PLXNB1	-1.2129443	Down
1360		-1.2139077	Down
2491		-1.2139381	Down
2754	MROH2A	-1.2145098	Down
998	EZH1	-1.215226	Down
2723	CPD	-1.2153255	Down
1683		-1.2158068	Down
3159	IRX4	-1.2160227	Down
2589	SLC25A27	-1.2163173	Down
1901	SLFN5	-1.2165748	Down
1575	FLII	-1.2167697	Down
2732		-1.2169917	Down
2101	SHH	-1.2188753	Down
2067	QSER1	-1.2190312	Down
2259	CP	-1.219344	Down
3386	ZNF431	-1.2198588	Down
3292	IGSF1	-1.2208144	Down
2234	KCNH1	-1.2218317	Down
1933	GNAS	-1.2222006	Down
260	DAB2IP	-1.2225351	Down
1735	PLPP2	-1.2234284	Down
2095	CD300LG	-1.2243449	Down
2247	ZNF519	-1.224765	Down
2311	SAV1	-1.2250628	Down
790	TAF6	-1.2253725	Down
1498	CDADC1	-1.2253921	Down
2597	ZNF595	-1.2272758	Down
1122	CTSV	-1.2276205	Down
3137		-1.2278002	Down
3035	MT1HL1	-1.2282563	Down
2049	PIK3R4	-1.2283894	Down
2818	PCDH10	-1.2294054	Down
1999	UBE2H	-1.2294057	Down
692		-1.2295902	Down
1758	TDRP	-1.2298779	Down
2546		-1.2305135	Down
1969	PCDH11Y///PCDH11X	-1.2305474	Down
2121	BIN1	-1.2308983	Down
904	ISPD-AS1	-1.231083	Down
1886	PDK3	-1.2321697	Down
2893	SMAD2	-1.2323069	Down
3311	NCS1	-1.2323096	Down
2222		-1.2329614	Down
1702	THYN1	-1.2332561	Down
638		-1.2333639	Down
1026	MT1E	-1.2340831	Down
446	UTRN	-1.2357117	Down
3195		-1.2366054	Down
2688	ARID5B	-1.2377152	Down
3327	TSTD2	-1.2379195	Down
266	CTDSPL	-1.2386767	Down
2094	LIMCH1	-1.2386934	Down
3085	DKK3	-1.2398364	Down
617	FMO2	-1.2399907	Down
2581		-1.2401416	Down
1948	LINC01500	-1.2406297	Down
1613	FBXO3	-1.2406808	Down
2602	CTDSPL	-1.2422487	Down
2693	SEMA6D	-1.2433832	Down
577	CYP4F2	-1.2435897	Down
1608	ERICH1	-1.2452926	Down
1711	C4BPA	-1.246413	Down
3348	KCTD9	-1.2464354	Down
830		-1.2470734	Down
3259	AHNAK	-1.2471337	Down
1615	SGCE	-1.2476193	Down
2780	TMF1	-1.2491523	Down
2883	HM13	-1.2493774	Down
461	LOC107984534	-1.2504046	Down
3143		-1.2509301	Down
2541		-1.2509634	Down
1415	PAN2	-1.2513654	Down
2125	PSMD9	-1.2513779	Down
1522		-1.2516156	Down
181	YBX3	-1.2521374	Down
2619	FRMD4A	-1.2537949	Down
2408	PPL	-1.2543961	Down
1216	COPG2IT1	-1.2551982	Down
2031	UBE3C	-1.2553433	Down
1033		-1.255504	Down
2830	SMYD5	-1.256083	Down
381	MIR24-2///MIR23A///LOC284454	-1.2562637	Down
2406	DUSP6	-1.2563908	Down
3194	TUSC3	-1.2564157	Down
1742		-1.2566953	Down
2906	FLNB	-1.2567702	Down
2062	TNRC18	-1.2568753	Down
1729		-1.2571745	Down
3469	LINC00161	-1.2576218	Down
361	NFE4	-1.2590071	Down
1992	PAK3	-1.2594721	Down
2582	SETBP1	-1.2605733	Down
1985	ZADH2	-1.2610118	Down
329		-1.2614648	Down
2442	MRPL37	-1.2639234	Down
587	LOC102725451///TPTEP1	-1.2641915	Down
2099		-1.2648707	Down
3189	LOC101928551	-1.2655696	Down
3202		-1.2658413	Down
1075	CDCP1	-1.2659144	Down
1511	THAP10	-1.2666705	Down
2014		-1.2667822	Down
1760	CRY2	-1.2679768	Down
1238	BSPRY	-1.2697379	Down
841	APLP2	-1.2700511	Down
1807	RAPGEF4	-1.2712113	Down
2702	FBXO32	-1.2716611	Down
1885	LOC101928052	-1.2717208	Down
209	AMOT	-1.2725576	Down
504	RGMA	-1.2729096	Down
3294	XYLB	-1.2732958	Down
942	ZNF662	-1.2735136	Down
1098	SRGAP1	-1.2735599	Down
923	UCKL1	-1.2744802	Down
2034	HIF1A	-1.2748354	Down
1779	PCDH10	-1.2762134	Down
367	BMPR1A	-1.2765723	Down
384	TEX264	-1.2765965	Down
1670	PNISR	-1.2766586	Down
805	CRYZL1	-1.278057	Down
879	LOC100507281	-1.2795435	Down
243	USP31	-1.2816568	Down
152	ST5	-1.281942	Down
3156	ZNF311	-1.2827213	Down
1361	MYB	-1.2833725	Down
2220		-1.2836114	Down
2761		-1.2839812	Down
3052	DNALI1	-1.2848234	Down
884	KLC1	-1.2852901	Down
1351		-1.2854633	Down
959	ZNF398	-1.2864071	Down
2867	APOD	-1.2867699	Down
3077	CLDN4	-1.2871964	Down
1581	GIT2	-1.2873441	Down
1719	HIST1H4PS1	-1.2878248	Down
2433		-1.2879299	Down
1501	ZKSCAN1	-1.2881038	Down
1791	LOC101928274///VSIG10	-1.2897669	Down
1633		-1.2916305	Down
3307	SLC18B1	-1.2923354	Down
3252	ZNF92	-1.2925578	Down
410	TMEM139	-1.2931173	Down
761	ITGB4	-1.2936637	Down
3384	AVIL	-1.294303	Down
3161	C6orf136	-1.2950516	Down
3099	CYP4A22///CYP4A11	-1.2959287	Down
1236	SLPI	-1.2981205	Down
813	TRMO	-1.2987613	Down
1872	CUL7	-1.2989302	Down
1465	MAU2	-1.299213	Down
556	PLAT	-1.2998085	Down
1786		-1.3009463	Down
2046		-1.3012102	Down
1928	AP3D1	-1.3013912	Down
1874	TBC1D13	-1.3018105	Down
423		-1.3024802	Down
1917	TBC1D8///RPL31	-1.3027394	Down
1774		-1.3027682	Down
2133	SLC22A17	-1.3037026	Down
2977	ESYT3	-1.3043766	Down
2665	EGF	-1.3046791	Down
2833	ACSM3	-1.3051869	Down
2676	GTF2H3	-1.3067653	Down
2015	BIN1	-1.3068509	Down
1737	LINC00537	-1.3072458	Down
3290	ROR2	-1.3074694	Down
2635		-1.3086112	Down
848	FABP7	-1.3088662	Down
895	ANKRD45	-1.309918	Down
2414		-1.3099668	Down
1109	SEC14L2	-1.3105953	Down
1922	INO80D	-1.310684	Down
448	CMYA5	-1.3110137	Down
913	CFI	-1.3110929	Down
2944	EGFR	-1.3113087	Down
827	MYBBP1A	-1.3124304	Down
855	TACSTD2	-1.3137114	Down
83	TAGLN	-1.3143722	Down
3249	HOXA3	-1.3158743	Down
2685	MICAL3	-1.3163421	Down
1207	MGC27382	-1.3175014	Down
3463	GAB1	-1.3186534	Down
1328	SSPN	-1.3187133	Down
2515	SNORD114-3	-1.3188526	Down
3076	C11orf70	-1.318945	Down
2878	COL4A5	-1.3189955	Down
677	FAM184A	-1.3203701	Down
250	NFIB	-1.3205627	Down
3367	LOC101929132	-1.3207303	Down
965	LOC101927820	-1.3212409	Down
902	SLC4A7	-1.3213982	Down
1546	SPRED1	-1.3223169	Down
658	COL28A1	-1.3224508	Down
1963	TPP2	-1.323146	Down
901	BCL10	-1.3232576	Down
2838	KCND3	-1.3242477	Down
3038	SERHL2	-1.3247147	Down
2550	CALD1	-1.3248708	Down
3332	ATP1A2	-1.3249221	Down
3298	TTC9	-1.3255694	Down
2138	KCNIP3	-1.3259015	Down
1800	ZNF529-AS1	-1.3267668	Down
2993	ADORA2B	-1.3270708	Down
3047	MACC1	-1.327326	Down
158	ACSS2	-1.3278859	Down
2022	NPIPA5///NPIPB5///NPIPB11///NPIPB8///LOC613037///NPIPB4///NPIPB3	-1.3284638	Down
1979	CLDN23	-1.3286809	Down
1814	PHLDA1	-1.3288114	Down
1759	CCDC120	-1.3304975	Down
672	SIK3	-1.330544	Down
1773	NUDT11	-1.3307401	Down
3401	KMT2B	-1.3317971	Down
729		-1.3319289	Down
1743	TM4SF18	-1.3321467	Down
2159	ENTPD5	-1.3323695	Down
2128	LOC101929988	-1.3329869	Down
2300	DKK3	-1.3341048	Down
3485	WFDC2	-1.3349183	Down
760		-1.3355543	Down
2713	PCDHB16	-1.337446	Down
859		-1.3381467	Down
2557		-1.3382335	Down
976		-1.3388821	Down
2428		-1.3396597	Down
2689	FGF14-AS2	-1.3398272	Down
1115	TANK	-1.3403716	Down
3201		-1.3405013	Down
2842		-1.3421369	Down
602	SLC9A1	-1.3435055	Down
1260	ARHGAP5	-1.3454344	Down
2789	RBMS1	-1.3457489	Down
292	ATG9B	-1.3463407	Down
1030	DNAH11	-1.3464653	Down
1456		-1.3469819	Down
1199		-1.3483606	Down
2384		-1.349662	Down
3225		-1.349838	Down
926	ROPN1	-1.3510288	Down
532		-1.3514172	Down
2549	FRAS1	-1.3514475	Down
1000		-1.351467	Down
1339	SOX9-AS1	-1.3515186	Down
1300	MAP1B	-1.351714	Down
2172	CFAP52	-1.3522243	Down
2807	PDE4D	-1.3532502	Down
211		-1.3534813	Down
1913		-1.3542011	Down
1080	C1orf226	-1.354958	Down
2223	GATC	-1.3561674	Down
490		-1.3563148	Down
2349	PCDHB3	-1.3571298	Down
1126	POLI	-1.3572054	Down
1603	EVA1C	-1.3581131	Down
1369	LINC00458	-1.3581789	Down
1167	PARPBP	-1.3582446	Down
802	LOC101927137///KIAA1456	-1.3592157	Down
541	LOC105377776	-1.359747	Down
1788	ROBO3	-1.3619337	Down
439	NCAM1	-1.3623806	Down
1480	STARD6	-1.3624743	Down
1378	ENOSF1	-1.3627481	Down
1305		-1.3628126	Down
1733	SLCO1A2	-1.3631036	Down
1412	HIPK2	-1.3634484	Down
743	DENND1B	-1.3637543	Down
999	NCOA7	-1.3652298	Down
1754	HIPK2	-1.3660146	Down
2152	LOC101930296///TBC1D26///ZNF286A	-1.3671191	Down
1736	LOC100499489	-1.3689939	Down
2748	STC2	-1.369677	Down
1128	OBSL1	-1.3698558	Down
1027	FAM129A	-1.3700099	Down
1675	FAM47A	-1.3700184	Down
634	VIPAS39	-1.3705216	Down
1422	MRGPRX3	-1.3709513	Down
2061		-1.371216	Down
2912	TTC39A	-1.3719787	Down
3135		-1.3720008	Down
2274	LOC285095	-1.3730673	Down
2358	TTYH1	-1.3736166	Down
682	RND3	-1.3758729	Down
2249	EHF	-1.3760243	Down
2859	BBS12	-1.3764541	Down
3340	CBR3-AS1	-1.3771102	Down
364		-1.3772567	Down
1252	LOC729732	-1.37726	Down
568	SYTL4	-1.3785474	Down
712	PBX3	-1.3786318	Down
3508	SDCBP2-AS1	-1.3791012	Down
1801		-1.3794497	Down
1753	MGST1	-1.3797617	Down
1540	DIAPH2	-1.3825936	Down
3289		-1.3827338	Down
299	PNISR	-1.3828383	Down
554	NFIB	-1.3830273	Down
1420	PAPOLA	-1.3838475	Down
2392	MIR99AHG	-1.38434	Down
2326	FAM86DP///FAM86B2///FAM86FP///FAM86B1///FAM86C1	-1.3853765	Down
2529	CALN1	-1.3858647	Down
2093	ACSL1	-1.3861198	Down
1918	CCDC148	-1.3866477	Down
2298	NUMA1	-1.3871602	Down
1231	TUSC8	-1.3882187	Down
1168	SEMA6A	-1.3884883	Down
2975	VPS13A	-1.3906414	Down
2149		-1.3909653	Down
1525		-1.3909981	Down
1961	ERVMER61-1	-1.3915201	Down
1271	PI3	-1.3917984	Down
2472	LGSN	-1.3922466	Down
946	SNX1	-1.3925402	Down
3217		-1.3926944	Down
1939	SLC31A1	-1.3927095	Down
2722	MYOM1	-1.393989	Down
1166	LYSMD4	-1.3948817	Down
3095	PDE1C	-1.3952074	Down
1264	CX3CR1	-1.3956776	Down
1451	CLDN15	-1.396061	Down
3497		-1.3966606	Down
510		-1.397832	Down
481	CASD1	-1.3978825	Down
1740	GAD2	-1.3986831	Down
1571	UVRAG	-1.401514	Down
1903	DDX19B	-1.4018172	Down
1574	ZNF585A	-1.403928	Down
1293	TXNIP	-1.4047143	Down
955		-1.4049676	Down
2303	FGF1	-1.4058158	Down
2657	TTC6	-1.4064924	Down
2299	ANGPTL4	-1.4069681	Down
444	DLK2	-1.407067	Down
390	SOCS2	-1.4078628	Down
2053	ZNF462	-1.4080553	Down
2958	LOC81691	-1.4087259	Down
1183	LOC101928386	-1.4088847	Down
113	YBX3	-1.4091146	Down
55	FBXO2	-1.4094639	Down
2145	TM9SF4	-1.4095839	Down
1587		-1.4099435	Down
1705	SFXN5	-1.4115579	Down
824	USP31	-1.4121502	Down
1138	SIRT3	-1.413734	Down
1125	KLHL21	-1.4145106	Down
1386		-1.4146535	Down
268	KCNH6	-1.4154942	Down
408	TRIM2	-1.4155445	Down
325	LINC00899	-1.4163064	Down
421	THRA	-1.4164425	Down
1869	ARL6	-1.4166822	Down
1357	FBXW4P1	-1.4175698	Down
2790	PPA2	-1.4192924	Down
1225	SLC5A1	-1.4197635	Down
3078	DLC1	-1.4204269	Down
1070	LOC100507472///PCSK6	-1.4209465	Down
2465	EPHX2	-1.4210431	Down
3031	UACA	-1.4211614	Down
1050	CD59	-1.4213407	Down
1280	CAT	-1.4221441	Down
1307	SRI	-1.4225105	Down
1674	ANPEP	-1.4237579	Down
2618	CLMN	-1.4265322	Down
626	AJUBA	-1.4272784	Down
3007	LINC01541	-1.4273988	Down
611	GPC3	-1.4297528	Down
1596	HNMT	-1.4299158	Down
1073	FBXO16///ZNF395	-1.430806	Down
1660	PPP1R1B	-1.431141	Down
1031	MAGI1	-1.4311731	Down
3473		-1.4315139	Down
1769	MIR6883///PER1	-1.4324518	Down
1473		-1.4326405	Down
636	ARHGEF28	-1.4331266	Down
756	USP26	-1.4333943	Down
3362	MYH3	-1.4335212	Down
2828	RIF1	-1.4341576	Down
1923		-1.4343757	Down
3382		-1.4347575	Down
741	ATP11B	-1.4366074	Down
1014	SOCS2-AS1	-1.4382369	Down
527	MRPL23	-1.4385606	Down
3127		-1.4387755	Down
1748	WDR86	-1.4390268	Down
1319	ZNF33B	-1.4391329	Down
1120	ACD	-1.4398245	Down
2290	NCBP1	-1.4399161	Down
2176	TUSC3	-1.4401255	Down
272	LIMK2	-1.440292	Down
2224	C3orf38	-1.4416319	Down
2001	SULT2B1	-1.4432285	Down
3105	SYCP3	-1.443553	Down
1752	RARS2	-1.4446853	Down
1813		-1.4450448	Down
1802	GPM6B	-1.445148	Down
1586	SCARA3	-1.4452999	Down
1427	AP1S3	-1.4453427	Down
3498	FAM171B	-1.446567	Down
3446	LOC101927734	-1.4472054	Down
269	ECHDC2	-1.4474225	Down
1394	CECR5-AS1	-1.4476089	Down
2513	FDXACB1	-1.4478925	Down
870	PLA2R1	-1.4482289	Down
2060	IFRD1	-1.4482774	Down
223	PERP	-1.4488767	Down
1090		-1.4491029	Down
1397		-1.4495088	Down
920	SNORD68///RPL13	-1.450546	Down
339	CARMN	-1.4513295	Down
908	GS1-24F4.2	-1.4523508	Down
1659	RAI14	-1.4526505	Down
1181	SIKE1	-1.454083	Down
616	LOC100130468///APCDD1	-1.4541855	Down
1818	CDH19	-1.454339	Down
977	FANK1	-1.4550593	Down
2839	UBASH3B	-1.4551852	Down
2219	VSIG2	-1.4558226	Down
1878		-1.4560249	Down
971	ACTG1P4///AMY2B///AMY2A///AMY1C///AMY1B///AMY1A	-1.4572955	Down
1588	PTGER3	-1.4575352	Down
537	CADM1	-1.4585413	Down
928	RLF	-1.4587105	Down
1687	SSX4B///SSX4	-1.4602059	Down
3044		-1.4625983	Down
2278	FANCM	-1.462806	Down
1104	ALCAM	-1.4640327	Down
797	LUZP1	-1.4640751	Down
1449	PPIL6	-1.4647035	Down
514	LOC101928043	-1.4650731	Down
1857	PGR	-1.4656996	Down
796	LGR6	-1.4662052	Down
1619	HSDL2	-1.467119	Down
1899	ERICH5	-1.4695874	Down
2396	NRG1	-1.4697189	Down
2280	DCUN1D1	-1.4700714	Down
3296	DHX57	-1.4706084	Down
2063	SCUBE2	-1.4724997	Down
1012		-1.475647	Down
187	NDRG2	-1.4770345	Down
1731		-1.4783342	Down
1273	PPARA	-1.47869	Down
1323	EVI5	-1.4801473	Down
662	PPP1R14A	-1.4806679	Down
775	RITA1	-1.4809938	Down
2070	CASZ1	-1.481251	Down
2983	LINC01016	-1.4817502	Down
1209	SAV1	-1.4822874	Down
2331		-1.4832134	Down
1197	GRAMD3	-1.4853127	Down
2179	GPRASP1	-1.4867485	Down
2229	MBD4	-1.4889029	Down
3319	EHF	-1.4895133	Down
1469	KANSL1L	-1.4900674	Down
851	LOC101928697	-1.4904089	Down
770	ANKFY1	-1.4908336	Down
2990	ZADH2	-1.4908585	Down
711	NFIB	-1.4908747	Down
285	CAB39L	-1.4911691	Down
2662	RAD23B	-1.4935429	Down
916	KDM5C	-1.4935652	Down
2036	SSX1	-1.4953059	Down
2730	ALDH3B2	-1.4963818	Down
1169		-1.4971106	Down
163	ZNF462	-1.4978862	Down
621	FAM120B	-1.4987513	Down
443	FRMD4B	-1.4989523	Down
1943	SPATA33	-1.4992756	Down
2959	EPHA7	-1.4998834	Down
2587	EFCAB14	-1.4999002	Down
1042		-1.4999749	Down
3312	MMAB	-1.5007072	Down
1182	COL27A1	-1.5012563	Down
153	LOC100506990	-1.5027728	Down
2304	LINC00173	-1.5030314	Down
2100	MAMDC2	-1.5060975	Down
281	CEP104	-1.5069009	Down
2952	SLC26A1	-1.5088793	Down
2226	DOCK5	-1.5090094	Down
242		-1.5091378	Down
1127	LOC101927196	-1.5097566	Down
3103		-1.5106964	Down
2245	SYNPO2	-1.5118321	Down
1159	NUP62CL	-1.5122044	Down
2500	C10orf126	-1.5122233	Down
778	FUT9	-1.5144139	Down
2343	NPAS3	-1.5146022	Down
3287	LOC101929964///LINC01184	-1.5155108	Down
1256	SART1	-1.5163426	Down
2129	FGF20	-1.518611	Down
2804	MIR4697///MIR4697HG	-1.520135	Down
750		-1.5214151	Down
320		-1.5225855	Down
930	OR5E1P	-1.5228047	Down
1048	SLC16A5	-1.5229739	Down
2881	SLC38A9	-1.5232211	Down
1612	AIG1	-1.5235954	Down
1208	ATG12	-1.5246971	Down
1479	SLC30A5	-1.5257871	Down
720	SEMA5A	-1.5268352	Down
2555	EFNB3	-1.5270736	Down
369	ABCA5	-1.5274724	Down
2716	FAXDC2	-1.5275556	Down
2793	LOC101060391	-1.5278568	Down
3172	BHLHE41	-1.5302798	Down
2082	LOC100505851	-1.5320719	Down
1110		-1.5335844	Down
1294		-1.5365899	Down
1492	N4BP2L1	-1.5392778	Down
854	GRIK1	-1.5394972	Down
171	CRIPT	-1.54083	Down
3146	ATP6V1C2	-1.5410518	Down
2288	ITIH4	-1.541982	Down
2563	LOC100130992	-1.5420215	Down
1139		-1.5435094	Down
3139		-1.5447854	Down
2361	RYR1	-1.5471633	Down
1811	TGFBR3	-1.5476315	Down
1221	LINC01492	-1.5477251	Down
2171	CXCL1	-1.5478678	Down
1039	CLMN	-1.5486738	Down
262	ZNF821	-1.548923	Down
1809	ANKRD28	-1.549832	Down
2496	RBBP6	-1.5506764	Down
3167	CMTM8	-1.552036	Down
2241	TSHZ2	-1.5528213	Down
528		-1.5535595	Down
2076		-1.5544729	Down
1443		-1.5557963	Down
1094		-1.5559908	Down
580	RIPK4	-1.5562702	Down
1618	FASTK	-1.5566787	Down
1078	KY	-1.5577207	Down
1022		-1.5585905	Down
1472	FRMD3	-1.5589153	Down
2753	LOC101928747///RBMX///SNORD61	-1.559158	Down
259	TGFB1I1	-1.5594307	Down
472	CNOT7	-1.5606953	Down
1067	ARHGAP26	-1.5624327	Down
633	JUN	-1.5626763	Down
342	COL7A1	-1.5627674	Down
1040	JADE1	-1.5635627	Down
1024	CA8	-1.5638287	Down
288	HOXA4	-1.5654282	Down
108		-1.5656527	Down
2422	TM4SF18	-1.5661135	Down
303	ANXA1	-1.566491	Down
1211		-1.566717	Down
1418	IKBIP	-1.5700288	Down
400	NDUFC2-KCTD14///KCTD14	-1.5712563	Down
2363	FAM107A	-1.5717078	Down
624	LOC100289061	-1.5722542	Down
808	TMEM44-AS1	-1.5726215	Down
3001		-1.574792	Down
1282		-1.5759993	Down
1240	SLC25A15	-1.5771157	Down
124	ACTA2	-1.5777202	Down
2907		-1.5789743	Down
489	HPGD	-1.5801124	Down
3397	ARMCX4	-1.5818794	Down
2195	SNTB2	-1.5821284	Down
2212	FMO5	-1.5834481	Down
807	FBXO16///ZNF395	-1.58378	Down
248	KRT7	-1.5841242	Down
271	ERRFI1	-1.5854494	Down
3309	H2AFJ	-1.5858155	Down
1366	PALMD	-1.5863613	Down
3010	PIK3C2A	-1.5867278	Down
653	TNS4	-1.586743	Down
1331	MGST1	-1.5876501	Down
866	GCNT2	-1.587988	Down
1423	WDFY3	-1.5910566	Down
1486		-1.5921182	Down
1320		-1.5925007	Down
133	ANXA8L1///ANXA8	-1.5926746	Down
2013	NEDD4L	-1.5933624	Down
1871	BACH2	-1.5936711	Down
1882	PM20D2	-1.5939743	Down
1079	UBE4B	-1.5942657	Down
336	KIAA1324	-1.5966587	Down
373	RCAN1	-1.5982019	Down
2066	FAM227B	-1.5986438	Down
1390	ATXN3	-1.6000773	Down
2698	PTPN14	-1.6015214	Down
463		-1.6015903	Down
1251	TM4SF1	-1.6029858	Down
2154	DUSP4	-1.6037808	Down
1679	NLGN4X	-1.6041414	Down
2816	LAMA3	-1.605485	Down
1570		-1.6057949	Down
1689	RGS2	-1.6064856	Down
639	TGFA	-1.60808	Down
1329		-1.6090578	Down
686	HSPA5	-1.6090636	Down
605	CLCA2	-1.6092299	Down
1631	CDC42EP3	-1.6122161	Down
1682		-1.6124688	Down
2132	TNC	-1.6137274	Down
322	LINC01553	-1.6151854	Down
1819		-1.6152589	Down
306	LAMC2	-1.6167065	Down
219		-1.61933	Down
679	PDE1C	-1.619628	Down
1946	ADAMTS5	-1.6200638	Down
1428	EGR3	-1.6203598	Down
1401	BBX	-1.6213829	Down
3154	GRK4	-1.6213981	Down
883	SNAP29	-1.6224554	Down
1669		-1.6242314	Down
2017	KRBOX4	-1.6273727	Down
969	ELF3	-1.627489	Down
1250	STEAP4	-1.6295358	Down
958	MYOM2	-1.6303063	Down
1746	CRYZ	-1.6306024	Down
2102		-1.6310442	Down
3120	IL33	-1.6313556	Down
45	MYLK	-1.6347947	Down
1484	PJA2	-1.6365961	Down
1068	MPP7	-1.6369911	Down
2103	EIF1	-1.6386711	Down
174	FZD3	-1.6398398	Down
2908	CNOT6L	-1.6399344	Down
873		-1.641462	Down
2144		-1.6416532	Down
1003		-1.6433881	Down
1373	GPM6B	-1.6438429	Down
1106	SGSM2	-1.6440347	Down
310	ZNF542P	-1.6510742	Down
3082	DFFB	-1.655146	Down
795		-1.6568911	Down
1828		-1.6573555	Down
609		-1.6585397	Down
539	ERC1	-1.6587261	Down
1850	SORBS2	-1.6596481	Down
994		-1.6610055	Down
1558	CCDC40	-1.6615357	Down
2760	RNF150	-1.6620387	Down
1548	MYH11	-1.6631785	Down
1091	CRABP1	-1.6651179	Down
3006	CXADR	-1.6655652	Down
934	TRIM2	-1.6672073	Down
1232	CNDP2	-1.6682338	Down
877	TNFRSF10B	-1.6693914	Down
579	GLRA3	-1.6711265	Down
713	CCDC141	-1.6738832	Down
3427	ZFYVE16	-1.674476	Down
1436		-1.6751318	Down
1228	ITGB1BP1	-1.6760903	Down
1350	LINC00472	-1.6766989	Down
834	TGFB2	-1.6769708	Down
1226		-1.67873	Down
607	IMPA2	-1.6802276	Down
1663	MFSD4A	-1.6802965	Down
385	PACRGL	-1.6808012	Down
571		-1.6857148	Down
2382	INPP4B	-1.6859246	Down
308		-1.686639	Down
156	CCL28	-1.6881439	Down
3150	WISP3	-1.6896054	Down
3168	NSUN7	-1.6899159	Down
3379		-1.6910452	Down
544	STARD13	-1.6939861	Down
66	NFIB	-1.6940393	Down
1785	ZNF229	-1.6951702	Down
651	PHYHD1	-1.6957871	Down
2930		-1.6989128	Down
981	MID1	-1.7012581	Down
2389	STYK1	-1.7019193	Down
2609	RASAL2	-1.7022684	Down
375	ARHGEF5	-1.702955	Down
871	MGME1	-1.7033187	Down
295	LINC00564	-1.7038403	Down
842	ARHGEF28	-1.704945	Down
324	FOXC1	-1.7115805	Down
1152	DUOX1	-1.7144748	Down
806		-1.7145263	Down
2010	ADM	-1.7206546	Down
338	TSPAN3	-1.7213655	Down
801		-1.7229165	Down
2897	FOXN3	-1.7251546	Down
1018	XKR6	-1.7257107	Down
2667	DSG2	-1.7261273	Down
331	CHKA	-1.7270055	Down
2435	OPRPN	-1.7287981	Down
471	ITGB8	-1.7296761	Down
2505		-1.7297565	Down
1706		-1.7317842	Down
1482	DIXDC1	-1.7325528	Down
258	OTUD3	-1.7330763	Down
2782	LOC101928728	-1.7331343	Down
291	KLK5	-1.7341844	Down
1071		-1.7343549	Down
232	EGFR	-1.7350813	Down
585	MGC12488	-1.7362935	Down
937		-1.7396921	Down
1503	FAM126A	-1.7444557	Down
2495	ADAM33	-1.7447057	Down
138	LAMC2	-1.7448386	Down
1130	DNAAF1	-1.7457839	Down
1580	ABCA4	-1.7479101	Down
2601	WSB1	-1.748786	Down
987	SLC4A7	-1.7502926	Down
2508	PTGS2	-1.750548	Down
476	SMC3	-1.7506697	Down
794		-1.7512164	Down
35	IP6K1	-1.7519484	Down
545	LOC101927451	-1.7523396	Down
2615	ABCA6	-1.7537598	Down
1975	TTC6	-1.7548859	Down
715	COBL	-1.7566059	Down
485	SORBS2	-1.7567502	Down
1301	SHROOM3	-1.7582243	Down
1233	CYP2J2	-1.7589432	Down
1962		-1.7589477	Down
469		-1.7589957	Down
696	ST8SIA2	-1.7595463	Down
2417	MAOB	-1.7599778	Down
1171	CFTR	-1.7605734	Down
1333		-1.7668292	Down
676	PTGER3	-1.7684179	Down
2578	FZD7	-1.7691122	Down
1535		-1.7699758	Down
378	DUSP4	-1.7710187	Down
507	AJUBA	-1.7711005	Down
1626	CLCA4	-1.7724453	Down
924	ANKRD18A	-1.7725906	Down
2165	CA3	-1.7726081	Down
273	LMOD1	-1.7729747	Down
552	MET	-1.7731453	Down
2379	PTPN21	-1.774973	Down
3197	RARRES1	-1.7765517	Down
407		-1.7779475	Down
734	KRT6B	-1.7780827	Down
359	C8orf44-SGK3///SGK3	-1.7782818	Down
2799	MEX3C	-1.7789269	Down
800	ROPN1B	-1.7802462	Down
648	ZNF599	-1.7844331	Down
1021	CMTR2	-1.7850165	Down
264	B3GALNT2	-1.7861731	Down
253	PDGFRA	-1.7910823	Down
1621	USP47	-1.7934332	Down
1419	GFRA1	-1.7935004	Down
1782	LYPD6	-1.7963152	Down
363		-1.796398	Down
370	HOXA7	-1.796882	Down
1710	PLD1	-1.7978141	Down
828	ZNF555	-1.7995011	Down
1847	RPL36A	-1.8009201	Down
947	SAMD4A	-1.8025922	Down
500	PTN	-1.8037573	Down
707	GAS1	-1.8047186	Down
294	PTPN14	-1.806112	Down
2849	EXO5	-1.8076252	Down
847	ZNF837	-1.8093071	Down
2333	NT5DC1	-1.8111087	Down
96	CARMN///MIR145	-1.8140208	Down
142	ZBTB16	-1.8142913	Down
746	MAP2	-1.8148373	Down
1306	P3H2	-1.8162748	Down
2728	SEMA6A	-1.8163859	Down
791	MGP	-1.8181433	Down
875	BNIPL///C1orf56	-1.8189614	Down
352	QSER1	-1.8205797	Down
511	TRPC4	-1.8210747	Down
1757	HLF	-1.8212028	Down
550	DSC3	-1.8227904	Down
419	SDR42E1	-1.823123	Down
2110	ALOX15B	-1.8247649	Down
334	IL17RB	-1.8261026	Down
864	INSR	-1.8275305	Down
849	FAT2	-1.8278954	Down
237	MGP	-1.8296482	Down
420	DSG4	-1.8309041	Down
997		-1.8310482	Down
2035	RNFT1	-1.8331591	Down
728	RAB3B	-1.8333888	Down
397	EFS	-1.837823	Down
526	LINC01122	-1.8387446	Down
2040	VSNL1	-1.840339	Down
832	ANGPTL7	-1.8405989	Down
968	PDCD5	-1.8414247	Down
1217	QSOX1	-1.8429784	Down
593	EGFR	-1.8430007	Down
2321	TSPYL1	-1.8451961	Down
307	LOC101928269///LOC100506403///RUNX1	-1.8452456	Down
1074	LOC389906	-1.8505358	Down
597	TPM2	-1.8525469	Down
240	GPRC5B	-1.8571555	Down
198	NEDD4L	-1.8609548	Down
1243	FAM83B	-1.862614	Down
335	C9orf3	-1.8635775	Down
196	ANG	-1.8657811	Down
993	HLF	-1.8676779	Down
2174	VPS50	-1.869422	Down
2327	FZD1	-1.8721343	Down
768		-1.8747459	Down
940	TRABD2B	-1.8747743	Down
1745		-1.8750101	Down
212	ITGA2	-1.8752957	Down
1464		-1.8758959	Down
436	NGFR	-1.8807392	Down
245	KLK7	-1.8832045	Down
1421	PRRG4	-1.8840144	Down
2612	LRP2BP	-1.8850534	Down
160		-1.8855345	Down
1559		-1.885981	Down
1680	MKNK1	-1.8885531	Down
231		-1.8895796	Down
1362	MIR205	-1.8911175	Down
1201	LOC100131541	-1.8924462	Down
1429	C9orf66	-1.8949847	Down
725		-1.8967642	Down
2427	C5orf42	-1.9037246	Down
1230	DMKN	-1.9048342	Down
377	SLC1A2	-1.9054798	Down
462	ROPN1	-1.9056089	Down
1176	LOC441454	-1.9059489	Down
166	SOX9	-1.9078171	Down
995		-1.9114448	Down
3393	SDPR	-1.9114921	Down
3086	HOMER2	-1.9143073	Down
132	LOC105378577	-1.9158135	Down
1194	C8orf88	-1.9160096	Down
1131	CHEK1	-1.9169258	Down
1647	KCNC4	-1.9174279	Down
2772	PTPN21	-1.9177389	Down
1973		-1.9206857	Down
668	TBC1D3P1-DHX40P1///RNFT1	-1.9224679	Down
3381	UGGT2	-1.9229433	Down
456	SLF1	-1.9230553	Down
332	NHSL1	-1.9233002	Down
3318	RNF150	-1.9245838	Down
1263	CCDC171	-1.9249449	Down
3239	CYP26B1	-1.9277936	Down
1202	ISM1	-1.9307523	Down
1896		-1.9323884	Down
466	PDLIM3	-1.9330023	Down
1607	BAG4	-1.9375645	Down
1404	SORBS1	-1.9376748	Down
1599	AFP	-1.9382443	Down
1239	ERICH3	-1.9392493	Down
1568	SCARA5	-1.939446	Down
348	HAS3	-1.9395373	Down
1447		-1.9434308	Down
2185	PPP1R1A	-1.9446868	Down
733		-1.944799	Down
2054		-1.9463358	Down
380	LARP4	-1.9501609	Down
826	PDK4	-1.9551674	Down
1147	SORBS2	-1.961439	Down
524	ZC3H12B	-1.964129	Down
1047	SH3BGR	-1.964397	Down
1442	LOC100653057///CES1	-1.9673656	Down
1224	AQP4	-1.9718953	Down
618		-1.9725503	Down
516	LOC101930349///LOC101930344///CGNL1	-1.9729515	Down
1798	KANK4	-1.9730242	Down
748	DDX50	-1.9741798	Down
764	TRIM74///TRIM73	-1.9742493	Down
1694	MGST1	-1.9746446	Down
1507	CP	-1.976939	Down
540		-1.9772495	Down
840	AK5	-1.9775356	Down
708	MIR452///MIR224///GABRE	-1.9778674	Down
1987	GPLD1	-1.979831	Down
2167	S100B	-1.9807304	Down
2791	ELOVL2	-1.9828438	Down
418	ATF3	-1.9861485	Down
737	ERICH1	-1.9885877	Down
1470		-1.9887536	Down
2042	NR3C2	-1.9892627	Down
1020	CDH1	-1.992438	Down
185	TAT	-1.9932423	Down
454	FER	-1.9988094	Down
553	MME	-1.9990454	Down
647	TP53AIP1	-2.00494	Down
1478	KLK10	-2.0051931	Down
283	CADM1	-2.0064459	Down
784		-2.0065619	Down
62	SFN	-2.0109014	Down
304	IL17RB	-2.011392	Down
635	KRT81	-2.0119737	Down
2344	TSHZ2	-2.0131499	Down
368	MRGPRF	-2.0134371	Down
1842	IQCE	-2.0146039	Down
2147	TP53BP1	-2.0177135	Down
2148	ADAMTS9-AS2	-2.0178558	Down
1389	AMDHD1	-2.0182805	Down
3005		-2.0200827	Down
497	LINC01091	-2.0233427	Down
1831		-2.0252267	Down
405	LOC157503///XKR4	-2.0276059	Down
2450	CCDC148	-2.0329922	Down
21	IFFO2	-2.0355191	Down
1179	TENM2	-2.0357238	Down
759	CXCL14	-2.0371792	Down
1732	THRB	-2.0372588	Down
546	KLK7	-2.0379565	Down
379	AZGP1P1///AZGP1	-2.0432303	Down
228	PC	-2.0446167	Down
572	MAOA	-2.0455527	Down
144	WLS	-2.045851	Down
459	C16orf89	-2.0489905	Down
874		-2.0508495	Down
458	ADAMTS1	-2.0521934	Down
496	PDLIM4	-2.0533389	Down
1614	NFIB	-2.0539485	Down
1203	GRAMD2	-2.0550153	Down
1605	MUC6	-2.0572229	Down
2028	TMPRSS2	-2.0578026	Down
752	MARVELD3	-2.0597332	Down
1496	THSD7B	-2.0619218	Down
964	CD300LG	-2.0631224	Down
831	FOS	-2.0645349	Down
1523		-2.0660101	Down
251	EMP1	-2.0674721	Down
872	CAPS2	-2.0676005	Down
1413	SLC6A14	-2.0705904	Down
706	FGFR2	-2.0710247	Down
1298	RRAGD	-2.0754413	Down
531	MARVELD3	-2.0769248	Down
1084		-2.0787984	Down
44	PDLIM4	-2.0788372	Down
932	MAFF	-2.0814698	Down
270	IL17RB	-2.0842702	Down
2678	FAM3B	-2.0883076	Down
455	FBXO16///ZNF395	-2.0897398	Down
721		-2.0912462	Down
2758		-2.0951044	Down
224	PPP1R14C	-2.0963258	Down
1835	RASSF8-AS1	-2.1006956	Down
312	EHF	-2.1072741	Down
2308		-2.1108715	Down
810	LOC105374042	-2.1114305	Down
293		-2.1145138	Down
689	STXBP5L	-2.1224531	Down
382	RNPC3	-2.1240977	Down
319	FERMT1	-2.1253513	Down
843	GSTT2	-2.1256188	Down
2664	CCDC74B///CCDC74A	-2.1259996	Down
417	DMD	-2.1313864	Down
2197		-2.1322556	Down
885	DUSP6	-2.1346483	Down
2136	TFAP2B	-2.1363872	Down
112	THAP7-AS1	-2.1405452	Down
1776	ADGRA3	-2.1422262	Down
415	PYURF///PIGY	-2.1427917	Down
896	METTL14	-2.1428433	Down
128	PI15	-2.1429287	Down
822	RASGEF1A	-2.1435677	Down
694	ZNF385B	-2.1534151	Down
631	KLF8	-2.1598998	Down
1744	ZNF547	-2.1684217	Down
898	ZCCHC11	-2.1698646	Down
147	ANXA1	-2.1704426	Down
2043	CP	-2.1803512	Down
681	CAV1	-2.1807791	Down
1672	CDH3	-2.180984	Down
261	KRT7	-2.1833004	Down
640	TTC23	-2.1854165	Down
277		-2.1872271	Down
704	LOC286191	-2.1887973	Down
122	DSC3	-2.1895627	Down
506	AZGP1	-2.1909662	Down
125	RGN	-2.1944649	Down
643	TNNI2	-2.1980296	Down
199	RASSF6	-2.2031317	Down
53		-2.2046597	Down
103	CARMN	-2.2056539	Down
75	MYH11	-2.2078597	Down
559	CHI3L1	-2.2123402	Down
200	BTG3	-2.2150324	Down
71	PPP2R3A	-2.2228904	Down
547	ARMCX4	-2.228352	Down
558	EHF	-2.2370251	Down
41	CX3CL1	-2.2434102	Down
1210	RRAS2	-2.2443334	Down
882	ADAMTS9-AS2	-2.2448676	Down
825	RARRES1	-2.2497695	Down
660	NTRK2	-2.2527013	Down
620	TFDP2	-2.2560008	Down
665	PLEKHS1	-2.257736	Down
1158	VTCN1	-2.2618228	Down
1086	EHF	-2.2676786	Down
1387	NAP1L2	-2.2702044	Down
216	HCG4	-2.2708796	Down
102	MPZL2	-2.2799769	Down
868	IRX2	-2.2833715	Down
151	ANXA3	-2.2858115	Down
183	CRYBB2P1///CRYBB2	-2.2874001	Down
789	PPP6R3	-2.2911381	Down
74	FAM231D///LOC388692///LINC00869	-2.2911703	Down
110	CYB5R2	-2.2920265	Down
401	CP	-2.2986446	Down
230	WDR86	-2.3058334	Down
362	RPS29	-2.3079545	Down
610	MIPEPP3	-2.3079633	Down
533	SLFN13	-2.3153546	Down
1069	CA2	-2.3161646	Down
194	HOXA10-HOXA9///MIR196B///HOXA9	-2.3177842	Down
1797	TUBB2B	-2.3252442	Down
1043	KCNE1	-2.3327014	Down
317	ATP13A5	-2.3348836	Down
1186		-2.3355556	Down
115	FAM189A2	-2.3392657	Down
141	CHL1	-2.3399767	Down
1219		-2.3431314	Down
149	MMP7	-2.3435017	Down
892	PERP	-2.3449948	Down
313	TF	-2.3496307	Down
131	MIA	-2.3602202	Down
1262	ADAM28	-2.3616033	Down
1009	CTH	-2.3650771	Down
669	KIAA1683	-2.3664239	Down
491	TCEAL2	-2.3676377	Down
1174	ZNF204P	-2.372422	Down
218	CCL28	-2.3758569	Down
11	ZNF551	-2.3758725	Down
191	ID4	-2.3784491	Down
786	STC2	-2.3790493	Down
279	KYNU	-2.3823377	Down
1346	NPY1R	-2.3842172	Down
619	LIN7A	-2.3878195	Down
111	PACRGL	-2.38856	Down
1907	LTF	-2.3951268	Down
290	SOX9	-2.4011958	Down
1635		-2.4061044	Down
440	CYP4X1	-2.408267	Down
186	MYLK	-2.4131527	Down
473	MT1M	-2.4203867	Down
852	PTX3	-2.4242366	Down
327	MPZL3	-2.4326999	Down
86		-2.4393407	Down
392	PDZK1	-2.4428531	Down
387		-2.4447584	Down
413	ITGB8	-2.4452122	Down
169	KLHL13	-2.4537576	Down
907	IGHA2///IGHA1///IGH	-2.4561026	Down
328	NDUFC2-KCTD14///KCTD14	-2.4620564	Down
97	ARSJ	-2.4794234	Down
309	DSC3	-2.4882935	Down
326	SAMD5	-2.4923012	Down
354	SAA2-SAA4///SAA2///SAA1	-2.4934679	Down
217	MET	-2.4983972	Down
792		-2.5015782	Down
135	HOXA10-HOXA9///MIR196B///HOXA9	-2.5027335	Down
645	ADAMTS5	-2.5037533	Down
12	IRX1	-2.5038132	Down
606	PLEKHS1	-2.5119583	Down
42		-2.514856	Down
710	EPB41L5	-2.5168305	Down
1013	VGLL1	-2.5173733	Down
257	FOSB	-2.5177604	Down
330	PAK3	-2.5219149	Down
453	AQP4	-2.5236931	Down
525	VWDE	-2.5282714	Down
956	CLIC6	-2.5336894	Down
974	TLE4	-2.5365693	Down
30	KCNJ16	-2.5399648	Down
289	KIT	-2.543261	Down
3091	SLC26A3	-2.5480253	Down
175	OXTR	-2.5605672	Down
301	PROM1	-2.5612792	Down
1083	KLHDC7A	-2.5641044	Down
31	PDLIM4	-2.5672838	Down
730		-2.5700655	Down
2215	FAM201A	-2.5892514	Down
82	EGFR	-2.5943725	Down
280	FHOD3	-2.5966881	Down
549	HMGCLL1	-2.6019475	Down
484	OLFM4	-2.6081463	Down
120	PTN	-2.6097878	Down
1391	IQCA1	-2.6155006	Down
404	SEC14L1	-2.6176323	Down
159	SERPINA1	-2.6205077	Down
1531		-2.63468	Down
95	KIAA1217	-2.6393131	Down
893	MAGI1	-2.6431749	Down
229	KRT23	-2.6514826	Down
1248		-2.6638622	Down
84	AK5	-2.6639173	Down
1700	PDE1C	-2.6698232	Down
950	NTRK2	-2.6700071	Down
121	TF	-2.6809	Down
501		-2.6811522	Down
215	LOC101928519	-2.6857274	Down
340	CHPT1	-2.686089	Down
557	SLC16A4	-2.6918739	Down
487	TSPAN5	-2.7016097	Down
482	ACTA2	-2.7146916	Down
25	ID4	-2.7158307	Down
69		-2.7272871	Down
1004	CHI3L1	-2.7286399	Down
829	SCGB2A2	-2.7405519	Down
167	SAMD5	-2.7497263	Down
161		-2.7538767	Down
39	LAMB3	-2.7586333	Down
632	HMGCS2	-2.7678461	Down
173		-2.7681258	Down
34	MYH11	-2.7775631	Down
90	PTN	-2.7833679	Down
179	CHL1	-2.7886971	Down
10	ACTG2	-2.7918743	Down
143	GLRA3	-2.7925021	Down
836	IL20RA	-2.8027613	Down
437	LOC101927841	-2.8135122	Down
105	DSG3	-2.8270819	Down
16	BEND7	-2.8314087	Down
22	SOX10	-2.8345453	Down
99	CLDN8	-2.8379105	Down
776	HSD17B2	-2.8605323	Down
1853	CYP4F8	-2.868981	Down
357	UBE4B	-2.8716391	Down
70	SLC34A2	-2.873067	Down
351	SLC27A6	-2.8789151	Down
1038	PIP	-2.8886429	Down
465	NFIB	-2.8951559	Down
178	MAOA	-2.9027459	Down
236	SERPINA1	-2.9028972	Down
238	SOSTDC1	-2.9559085	Down
1234	SCGB1D2	-2.9653073	Down
566	EHF	-2.9763787	Down
38	CX3CL1	-2.9821275	Down
197	PDLIM3	-2.988433	Down
28	SFRP1	-2.9919066	Down
349	MUC15	-2.9949205	Down
49	ELF5	-2.996617	Down
37	MYH11	-2.9969219	Down
123	DCDC2	-3.0083703	Down
675	SERPINA6	-3.0151784	Down
267	LYPD6	-3.0302737	Down
157	COL17A1	-3.0405412	Down
726	CITED1	-3.0600039	Down
48	SFRP1	-3.0921741	Down
233	PAK3	-3.0930194	Down
73	SMYD1	-3.0988512	Down
202	NPY2R	-3.1077853	Down
129	C1orf168	-3.1223074	Down
346	GPM6B	-3.1439519	Down
43	TRIM29	-3.1535126	Down
78	PAMR1	-3.2137471	Down
599	RARRES1	-3.2244914	Down
80	RMST	-3.2358993	Down
98		-3.2390143	Down
91	BBOX1	-3.2526621	Down
57	MME	-3.264036	Down
36	SFRP1	-3.2679883	Down
106	SAA2///SAA1	-3.2714128	Down
9	MIR205HG	-3.2767245	Down
79		-3.2850164	Down
32	GSTA1	-3.3010217	Down
81	MAOA	-3.3085175	Down
60	CCL28	-3.3301581	Down
40	CGB7///NTF4	-3.3591782	Down
88	CHST9	-3.4338425	Down
3	SYNM	-3.4345757	Down
63	C2orf40	-3.4754485	Down
20	CNN1	-3.5289025	Down
27	ATP1A2	-3.5782686	Down
24	DST	-3.5918379	Down
656	WIF1	-3.5949475	Down
345	PPP4R4	-3.635878	Down
15	MPPED2	-3.6463701	Down
246	SCGB3A1	-3.6566142	Down
47	MYBPC1	-3.6620918	Down
148	GLRA3	-3.8498235	Down
101	KRT15	-3.8783933	Down
46	PIGR	-4.0008992	Down
23	GABRP	-4.0124521	Down
7	DST	-4.0347459	Down
18	TRIM29	-4.0552956	Down
2	KRT17///JUP	-4.0608211	Down
140	TFPI2	-4.1013335	Down
8	KRT16	-4.1895944	Down
155	MUCL1	-4.2561201	Down
0	SERPINB5	-4.275421	Down
114	ARHGAP36	-4.2846021	Down
1	PI15	-4.6589974	Down
5	KRT17///JUP	-4.6639727	Down
6	KRT5	-4.7673145	Down
4	KRT14	-5.0723701	Down
77	TFPI2	-5.3063196	Down
