mRNA	log(FC)
SERPINB5	-4.275421
PI15	-4.6589974
KRT17///JUP	-4.0608211
SYNM	-3.4345757
KRT14	-5.0723701
KRT17///JUP	-4.6639727
KRT5	-4.7673145
DST	-4.0347459
KRT16	-4.1895944
MIR205HG	-3.2767245
ACTG2	-2.7918743
ZNF551	-2.3758725
IRX1	-2.5038132
COL10A1	4.0129792
COL1A1	2.9905603
MPPED2	-3.6463701
BEND7	-2.8314087
COL11A1	4.622132
TRIM29	-4.0552956
COL1A2	4.2656767
CNN1	-3.5289025
IFFO2	-2.0355191
SOX10	-2.8345453
GABRP	-4.0124521
DST	-3.5918379
ID4	-2.7158307
COL1A1	2.9898025
ATP1A2	-3.5782686
SFRP1	-2.9919066
COL11A1	3.2476569
KCNJ16	-2.5399648
PDLIM4	-2.5672838
GSTA1	-3.3010217
THBS2	2.841658
MYH11	-2.7775631
IP6K1	-1.7519484
SFRP1	-3.2679883
MYH11	-2.9969219
CX3CL1	-2.9821275
LAMB3	-2.7586333
CGB7///NTF4	-3.3591782
CX3CL1	-2.2434102
	-2.514856
TRIM29	-3.1535126
PDLIM4	-2.0788372
MYLK	-1.6347947
PIGR	-4.0008992
MYBPC1	-3.6620918
SFRP1	-3.0921741
ELF5	-2.996617
COL3A1	2.4648389
BGN	2.144335
VCAN	3.3310958
	-2.2046597
MXRA5	1.9701353
FBXO2	-1.4094639
POSTN	2.0372481
MME	-3.264036
COL3A1	2.7194436
COL3A1	2.3477889
CCL28	-3.3301581
COL5A2	3.0316958
SFN	-2.0109014
C2orf40	-3.4754485
OLFML2B	1.9555331
COL12A1	1.7752005
NFIB	-1.6940393
COL1A1	2.3111881
VCAN	2.283893
	-2.7272871
SLC34A2	-2.873067
PPP2R3A	-2.2228904
P4HA3	2.4051285
SMYD1	-3.0988512
FAM231D///LOC388692///LINC00869	-2.2911703
MYH11	-2.2078597
SFRP2	2.0582275
TFPI2	-5.3063196
PAMR1	-3.2137471
	-3.2850164
RMST	-3.2358993
MAOA	-3.3085175
EGFR	-2.5943725
TAGLN	-1.3143722
AK5	-2.6639173
LRRC15	3.5174998
	-2.4393407
ASPN	3.6971226
CHST9	-3.4338425
SPARC	1.5660438
PTN	-2.7833679
BBOX1	-3.2526621
LOC100507291	2.2140564
VCAN	2.3130183
AEBP1	2.0046441
KIAA1217	-2.6393131
CARMN///MIR145	-1.8140208
ARSJ	-2.4794234
	-3.2390143
CLDN8	-2.8379105
CTHRC1	3.8818725
KRT15	-3.8783933
MPZL2	-2.2799769
CARMN	-2.2056539
BGN	2.641368
DSG3	-2.8270819
SAA2///SAA1	-3.2714128
FOXC1	-1.0596878
	-1.5656527
LAMP5	2.8483043
CYB5R2	-2.2920265
PACRGL	-2.38856
THAP7-AS1	-2.1405452
YBX3	-1.4091146
ARHGAP36	-4.2846021
FAM189A2	-2.3392657
COL6A3	2.1639581
FN1	2.7948262
PPM1D	2.6552018
FBXO11	2.7695179
PTN	-2.6097878
TF	-2.6809
DSC3	-2.1895627
DCDC2	-3.0083703
ACTA2	-1.5777202
RGN	-2.1944649
MMP11	2.8838468
COL1A2	2.5502025
PI15	-2.1429287
C1orf168	-3.1223074
MDGA1	1.5723137
MIA	-2.3602202
LOC105378577	-1.9158135
ANXA8L1///ANXA8	-1.5926746
HUS1	1.7865673
HOXA10-HOXA9///MIR196B///HOXA9	-2.5027335
IREB2	2.5658979
CXCL10	2.3145647
LAMC2	-1.7448386
FN1	3.0096155
TFPI2	-4.1013335
CHL1	-2.3399767
ZBTB16	-1.8142913
GLRA3	-2.7925021
WLS	-2.045851
WISP1	2.8135482
	-1.1838992
ANXA1	-2.1704426
GLRA3	-3.8498235
MMP7	-2.3435017
FBN1	3.0317376
ANXA3	-2.2858115
ST5	-1.281942
LOC100506990	-1.5027728
ZNF395	-1.1419586
MUCL1	-4.2561201
CCL28	-1.6881439
COL17A1	-3.0405412
ACSS2	-1.3278859
SERPINA1	-2.6205077
	-1.8855345
	-2.7538767
FNDC1	3.5055647
ZNF462	-1.4978862
ITIH3	1.6171927
CD84	1.707298
SOX9	-1.9078171
SAMD5	-2.7497263
FN1	2.9538402
KLHL13	-2.4537576
SFN	-0.9410331
CRIPT	-1.54083
	1.5593318
	-2.7681258
FZD3	-1.6398398
OXTR	-2.5605672
HIST1H3F///HIST1H3B///HIST1H3H///HIST1H3J///HIST1H3G///HIST1H3I///HIST1H3E///HIST1H3C///HIST1H3D///HIST1H3A///HIST1H2AD	2.5315718
CLNS1A	1.0834649
MAOA	-2.9027459
CHL1	-2.7886971
ABCC4	2.0240715
YBX3	-1.2521374
LOC101929368///FKBP1A	1.1045032
CRYBB2P1///CRYBB2	-2.2874001
WASF2	-0.8855929
TAT	-1.9932423
MYLK	-2.4131527
NDRG2	-1.4770345
FBN1	3.583416
ARHGEF28	-1.0034143
	1.6568083
ID4	-2.3784491
PTAFR	1.2046713
LINC01554	-1.0487132
HOXA10-HOXA9///MIR196B///HOXA9	-2.3177842
PLPP4	2.1160595
ANG	-1.8657811
PDLIM3	-2.988433
NEDD4L	-1.8609548
RASSF6	-2.2031317
BTG3	-2.2150324
FAR2	2.8799896
NPY2R	-3.1077853
FCGR2C	1.5951036
	2.4720021
AZIN2	1.5990209
ASPM	3.784441
COL5A1	2.1695713
CST4	1.5727094
AMOT	-1.2725576
COL1A2	2.6865851
	-1.3534813
ITGA2	-1.8752957
CEMIP	2.0558063
COL10A1	2.7364731
LOC101928519	-2.6857274
HCG4	-2.2708796
MET	-2.4983972
CCL28	-2.3758569
	-1.61933
	1.4447728
FBN2	1.8386905
COL5A1	2.593865
PERP	-1.4488767
PPP1R14C	-2.0963258
LOC101927934	1.7693175
MMP2	1.6119383
STAT1	2.2826072
PC	-2.0446167
KRT23	-2.6514826
WDR86	-2.3058334
	-1.8895796
EGFR	-1.7350813
PAK3	-3.0930194
ZBTB26	2.0948382
RUNX2	1.7105512
SERPINA1	-2.9028972
MGP	-1.8296482
SOSTDC1	-2.9559085
HIST1H2BJ///HIST1H2BG	2.2578907
GPRC5B	-1.8571555
CENPF	2.2416032
	-1.5091378
USP31	-1.2816568
CDCA3	1.2440304
KLK7	-1.8832045
SCGB3A1	-3.6566142
CSGALNACT2	2.5645614
KRT7	-1.5841242
SFN	-0.8260699
NFIB	-1.3205627
EMP1	-2.0674721
HSD17B6	2.6436248
PDGFRA	-1.7910823
FN1	3.2587985
COMP	2.6924845
HECTD1	1.67289
FOSB	-2.5177604
OTUD3	-1.7330763
TGFB1I1	-1.5594307
DAB2IP	-1.2225351
KRT7	-2.1833004
ZNF821	-1.548923
LUM	1.7173986
B3GALNT2	-1.7861731
NRP2	2.3587421
CTDSPL	-1.2386767
LYPD6	-3.0302737
KCNH6	-1.4154942
ECHDC2	-1.4474225
IL17RB	-2.0842702
ERRFI1	-1.5854494
LIMK2	-1.440292
LMOD1	-1.7729747
OAS3	1.5716002
	1.4289282
POSTN	2.3538937
	-2.1872271
GDAP1	2.1706913
KYNU	-2.3823377
FHOD3	-2.5966881
CEP104	-1.5069009
THY1	1.4499603
CADM1	-2.0064459
UNC119B	-0.9639668
CAB39L	-1.4911691
ADAM12	2.1225323
RSAD2	2.2467894
HOXA4	-1.5654282
KIT	-2.543261
SOX9	-2.4011958
KLK5	-1.7341844
ATG9B	-1.3463407
	-2.1145138
PTPN14	-1.806112
LINC00564	-1.7038403
NTRK3	-0.9391431
LOC100129198	1.3922417
GMFB	2.1514121
PNISR	-1.3828383
	1.8551588
PROM1	-2.5612792
KIAA0101	1.6386763
ANXA1	-1.566491
IL17RB	-2.011392
EXOC7	-1.1551855
LAMC2	-1.6167065
LOC101928269///LOC100506403///RUNX1	-1.8452456
	-1.686639
DSC3	-2.4882935
ZNF542P	-1.6510742
CLU	-0.986521
EHF	-2.1072741
TF	-2.3496307
FGF18	1.7750764
VCAN	3.2835411
TACC3	2.9035155
ATP13A5	-2.3348836
FNDC3A	1.666888
FERMT1	-2.1253513
	-1.5225855
DCUN1D3	-1.1729619
LINC01553	-1.6151854
SBNO1	-1.1866882
FOXC1	-1.7115805
LINC00899	-1.4163064
SAMD5	-2.4923012
MPZL3	-2.4326999
NDUFC2-KCTD14///KCTD14	-2.4620564
	-1.2614648
PAK3	-2.5219149
CHKA	-1.7270055
NHSL1	-1.9233002
CRAMP1	-0.9821793
IL17RB	-1.8261026
C9orf3	-1.8635775
KIAA1324	-1.5966587
CNGB3	1.3978735
TSPAN3	-1.7213655
CARMN	-1.4513295
CHPT1	-2.686089
CLEC7A	2.956147
COL7A1	-1.5627674
UNC5B	1.8232451
PHGDH	-1.1301044
PPP4R4	-3.635878
GPM6B	-3.1439519
DTX3	-1.1544704
HAS3	-1.9395373
MUC15	-2.9949205
LOC101928195///LOC100996643///MTHFD1L	1.4925015
SLC27A6	-2.8789151
QSER1	-1.8205797
CLU	-0.8430038
SAA2-SAA4///SAA2///SAA1	-2.4934679
LOC100289283	1.1310515
MICAL2	1.2390152
UBE4B	-2.8716391
CWF19L2	2.4496448
C8orf44-SGK3///SGK3	-1.7782818
SFRP2	2.7239607
NFE4	-1.2590071
RPS29	-2.3079545
	-1.796398
	-1.3772567
CCNA2	2.0684938
KIAA1644	1.5579132
BMPR1A	-1.2765723
MRGPRF	-2.0134371
ABCA5	-1.5274724
HOXA7	-1.796882
TCF4	2.8704126
USP9X	1.3562025
RCAN1	-1.5982019
RBPMS	-1.1752201
ARHGEF5	-1.702955
LUM	1.7339995
SLC1A2	-1.9054798
DUSP4	-1.7710187
AZGP1P1///AZGP1	-2.0432303
LARP4	-1.9501609
MIR24-2///MIR23A///LOC284454	-1.2562637
RNPC3	-2.1240977
ASPN	2.7911401
TEX264	-1.2765965
PACRGL	-1.6808012
ZNF805	1.6990563
	-2.4447584
HTRA3	1.6206331
GRB10	-0.813719
SOCS2	-1.4078628
BBS1	-1.0008964
PDZK1	-2.4428531
MPZL2	-0.9574424
HSD17B6	2.2258221
LOC100506990	-1.0897234
	1.4352614
EFS	-1.837823
SLCO4A1-AS1	-1.1330831
NCOA3	2.3012172
NDUFC2-KCTD14///KCTD14	-1.5712563
CP	-2.2986446
MSR1	1.4738049
	1.2825108
SEC14L1	-2.6176323
LOC157503///XKR4	-2.0276059
	1.2479445
	-1.7779475
TRIM2	-1.4155445
CSRP1	-1.0397591
TMEM139	-1.2931173
HOXA-AS3	1.164672
COL7A1	-1.0810235
ITGB8	-2.4452122
LOC105372550	1.5573295
PYURF///PIGY	-2.1427917
BUB1	2.7939042
DMD	-2.1313864
ATF3	-1.9861485
SDR42E1	-1.823123
DSG4	-1.8309041
THRA	-1.4164425
	-1.0113355
	-1.3024802
GXYLT2	2.0804192
LOC101928710	1.6185605
RC3H1	1.4763291
ISG15	1.8455415
THY1	1.3703267
SULF1	1.6734108
	1.5695784
COL5A2	2.6757558
INHBA	2.8873032
CDH11	2.1945482
ACTN1	-0.9228838
	1.3203831
NGFR	-1.8807392
LOC101927841	-2.8135122
POSTN	1.549219
NCAM1	-1.3623806
CYP4X1	-2.408267
HSPA6	1.6976971
LOC100130872///SPON2	1.0061084
FRMD4B	-1.4989523
DLK2	-1.407067
	1.0180164
UTRN	-1.2357117
MKI67	1.4116794
CMYA5	-1.3110137
MMP11	1.4732874
	2.1267519
	0.8492123
LOC158402	1.9877333
AQP4	-2.5236931
FER	-1.9988094
FBXO16///ZNF395	-2.0897398
SLF1	-1.9230553
PRND	1.0521094
ADAMTS1	-2.0521934
C16orf89	-2.0489905
CSGALNACT2	1.1306524
LOC107984534	-1.2504046
ROPN1	-1.9056089
	-1.6015903
SULF2	1.4882089
NFIB	-2.8951559
PDLIM3	-1.9330023
CWF19L2	-1.0436066
GALNT2	1.8204431
	-1.7589957
CCT5	2.1172515
ITGB8	-1.7296761
CNOT7	-1.5606953
MT1M	-2.4203867
CALN1	1.4495383
DOCK1	2.2595484
SMC3	-1.7506697
LOC101928152	1.5410731
INHBA	2.2087611
ID4	-0.7705305
DIO2	1.045266
CASD1	-1.3978825
ACTA2	-2.7146916
CYTH1	0.9030433
OLFM4	-2.6081463
SORBS2	-1.7567502
IFI27	1.7626783
TSPAN5	-2.7016097
USP42	1.2463235
HPGD	-1.5801124
	-1.3563148
TCEAL2	-2.3676377
TOR1AIP2	1.9289142
TRIM59///IFT80	2.6913859
HIST1H3E	1.9050126
TMEM206	0.8838649
PDLIM4	-2.0533389
LINC01091	-2.0233427
HS3ST3B1	2.4946956
TEX264	-0.9103502
PTN	-1.8037573
	-2.6811522
KIF20A	2.7637047
LGALS9	1.8100649
RGMA	-1.2729096
LINC00112	1.0825322
AZGP1	-2.1909662
AJUBA	-1.7711005
SFRP4	2.0636972
TOLLIP	-1.0301862
	-1.397832
TRPC4	-1.8210747
KIF15	1.8870162
GPRIN3	0.9916883
LOC101928043	-1.4650731
CD22	1.4467242
LOC101930349///LOC101930344///CGNL1	-1.9729515
ZFP41	-1.053798
PARVB	2.0628511
EYA4	1.6098616
MRPL13	1.0149927
	2.252029
CDC5L	1.3922402
SEC14L4	-0.7630779
ZC3H12B	-1.964129
VWDE	-2.5282714
LINC01122	-1.8387446
MRPL23	-1.4385606
	-1.5535595
KIF26B	1.6802741
C9orf72	2.2999925
MARVELD3	-2.0769248
	-1.3514172
SLFN13	-2.3153546
	1.1773109
INHBB	-1.1814952
CST5	1.3476361
CADM1	-1.4585413
E2F1	1.5184302
ERC1	-1.6587261
	-1.9772495
LOC105377776	-1.359747
TYMS	1.955691
CCNB2	1.8143064
STARD13	-1.6939861
LOC101927451	-1.7523396
KLK7	-2.0379565
ARMCX4	-2.228352
MKI67	2.1367926
HMGCLL1	-2.6019475
DSC3	-1.8227904
	1.4775339
MET	-1.7731453
MME	-1.9990454
NFIB	-1.3830273
CNIH4	0.7300119
PLAT	-1.2998085
SLC16A4	-2.6918739
EHF	-2.2370251
CHI3L1	-2.2123402
MICAL2	1.4967456
CA6	0.9765148
SPIRE2	1.1871277
CINP	2.1136474
SMIM10L2B///SMIM10L2A	-1.1585283
TGM5	1.0019683
EHF	-2.9763787
	1.5841679
SYTL4	-1.3785474
LOC101930489///MIR4435-2HG///LINC00152	1.1341477
DGKH	1.8937255
	-1.6857148
MAOA	-2.0455527
LOC101928841	-1.1991309
SCN1B	1.359929
LINC01588	0.844999
MRPL15	1.1148123
CYP4F2	-1.2435897
	-1.1337858
GLRA3	-1.6711265
RIPK4	-1.5562702
CTDP1	1.6435995
EPYC	1.842634
ABCB8	1.6544321
C19orf81	-0.9984553
MGC12488	-1.7362935
CDAN1	-1.1806115
LOC102725451///TPTEP1	-1.2641915
ATP1A1-AS1	-1.1552993
ACCS	-1.0173228
MCM6	1.2112932
FDFT1	-0.9002153
LOXL1	2.7983061
EGFR	-1.8430007
NINJ2	2.2353896
GOLGA8A	-1.0415883
SLC35G2	1.3346564
TPM2	-1.8525469
TMEM119	2.1689236
RARRES1	-3.2244914
IGFBP7	1.3155953
ANKRD22	0.7861142
SLC9A1	-1.3435055
SULF1	2.0969374
NCALD	-1.197708
CLCA2	-1.6092299
PLEKHS1	-2.5119583
IMPA2	-1.6802276
EXO1	1.7327513
	-1.6585397
MIPEPP3	-2.3079633
GPC3	-1.4297528
UNC5B	1.6938664
	-0.962534
ZNF780B	1.5949977
SAMD9	2.1870534
LOC100130468///APCDD1	-1.4541855
FMO2	-1.2399907
	-1.9725503
LIN7A	-2.3878195
TFDP2	-2.2560008
FAM120B	-1.4987513
LOC100289090	-1.1688635
DCK	1.3820916
LOC100289061	-1.5722542
TNFAIP6	1.5474262
AJUBA	-1.4272784
COL3A1	2.2848985
ANGPT2	3.0378149
VAPB	2.1491898
AP3M1	0.7932109
KLF8	-2.1598998
HMGCS2	-2.7678461
JUN	-1.5626763
VIPAS39	-1.3705216
KRT81	-2.0119737
ARHGEF28	-1.4331266
SLC16A5	-1.0459925
	-1.2333639
TGFA	-1.60808
TTC23	-2.1854165
SEC11A	0.7251054
GRID1-AS1	-1.1474121
TNNI2	-2.1980296
	1.11467
ADAMTS5	-2.5037533
EGFR	-1.1154262
TP53AIP1	-2.00494
ZNF599	-1.7844331
IFI6	2.1845104
PRCP	1.3068779
PHYHD1	-1.6957871
KLRD1	1.5855256
TNS4	-1.586743
FBN1	2.3071575
	1.5279796
WIF1	-3.5949475
AREL1	-1.0897827
COL28A1	-1.3224508
NEK2	2.6469289
NTRK2	-2.2527013
PBX2	1.1127158
PPP1R14A	-1.4806679
CCDC102B	1.680432
PIGM	-1.208756
PLEKHS1	-2.257736
SLC22A15	1.5030802
HMMR	2.7572599
TBC1D3P1-DHX40P1///RNFT1	-1.9224679
KIAA1683	-2.3664239
COPS7B	-1.1916044
	2.0058207
SIK3	-1.330544
CFB	1.5009736
HHEX	1.4467421
SERPINA6	-3.0151784
PTGER3	-1.7684179
FAM184A	-1.3203701
PMCHL1	1.0823797
PDE1C	-1.619628
IPO11	1.3093993
CAV1	-2.1807791
RND3	-1.3758729
LOC339978	1.1683917
LINC00692	1.348927
LOC91450	-1.1249103
HSPA5	-1.6090636
HNRNPA3	-1.2117123
FN1	2.105527
STXBP5L	-2.1224531
VSNL1	-1.1857525
INS	-1.0175081
	-1.2295902
AUH	-0.9183319
ZNF385B	-2.1534151
INPP5B	1.9364723
ST8SIA2	-1.7595463
KIF23	2.8521854
SIK3	-1.0581973
LIMS4///LIMS1	1.5590662
FAM134B	0.927445
BIRC5	1.206432
	2.6644212
IL32	1.5865428
LOC286191	-2.1887973
HSPA6	1.3203756
FGFR2	-2.0710247
GAS1	-1.8047186
MIR452///MIR224///GABRE	-1.9778674
TAGLN	-0.7319807
EPB41L5	-2.5168305
NFIB	-1.4908747
PBX3	-1.3786318
CCDC141	-1.6738832
ERICH1	-1.1501811
COBL	-1.7566059
FETUB	-1.1611295
NUSAP1	1.7368205
ISG20	1.1564231
LSM4	1.1900223
SEMA5A	-1.5268352
	-2.0912462
SLC20A1	1.0415732
FLAD1	0.9667173
LOC101929153	-1.1280158
	-1.8967642
CITED1	-3.0600039
FOXD3	1.6576528
RAB3B	-1.8333888
	-1.3319289
	-2.5700655
ENKD1	-1.0433245
TUBA4B	0.6090986
	-1.944799
KRT6B	-1.7780827
RBPMS	-0.9556658
UGCG	1.4932866
ERICH1	-1.9885877
HHIP	1.1753314
ERC1	-1.194097
LOC100293211	-1.1023416
ATP11B	-1.4366074
MYL9	-1.0434545
DENND1B	-1.3637543
	-1.1598239
HIST1H3D///HIST1H2AD	1.4702461
MAP2	-1.8148373
HHATL	0.9860559
DDX50	-1.9741798
OAS1	1.9489657
	-1.5214151
GSTM2	-0.6954474
MARVELD3	-2.0597332
SAMD9	2.5747225
NUDT3	-0.868488
COL8A1	2.4589685
USP26	-1.4333943
ADAP2	2.106002
PARP9	1.0236822
CXCL14	-2.0371792
	-1.3355543
ITGB4	-1.2936637
ZNF268	-1.1642118
RASL10A	1.4175026
TRIM74///TRIM73	-1.9742493
	-0.8224059
ATP6V1C1	1.0777555
ADAMTS2	2.6399545
	-1.8747459
CRIP1	1.2317663
ANKFY1	-1.4908336
	-0.9870296
	0.9886995
CENPU	1.5115788
CHPT1	-1.0520214
RITA1	-1.4809938
HSD17B2	-2.8605323
POMT1	-1.2098313
FUT9	-1.5144139
COL4A1	1.7125904
BRIP1	1.8875851
CEP41	1.0164895
	2.7586679
LINC01310	1.0775651
	-2.0065619
RGS11	1.4225565
STC2	-2.3790493
	1.2629072
BMP2	1.4495924
PPP6R3	-2.2911381
TAF6	-1.2253725
MGP	-1.8181433
	-2.5015782
COG1	1.2122111
	-1.7512164
	-1.6568911
LGR6	-1.4662052
LUZP1	-1.4640751
BOC	-1.0313952
METRN	1.0795421
ROPN1B	-1.7802462
	-1.7229165
LOC101927137///KIAA1456	-1.3592157
CENPU	1.4422707
	1.3634739
CRYZL1	-1.278057
	-1.7145263
FBXO16///ZNF395	-1.58378
TMEM44-AS1	-1.5726215
FAP	2.7989536
LOC105374042	-2.1114305
FAM160A2	-0.9989082
AMACR	1.0414624
TRMO	-1.2987613
ERICH1	-0.7987466
WDR1	-1.1751218
PCNA	0.7487979
DNAH5	-1.1250211
WDR11-AS1	0.9219359
PRR11	1.81919
RARG	-1.0954143
FBXO44	-0.7437414
RASGEF1A	-2.1435677
HFE	0.6888163
USP31	-1.4121502
RARRES1	-2.2497695
PDK4	-1.9551674
MYBBP1A	-1.3124304
ZNF555	-1.7995011
SCGB2A2	-2.7405519
	-1.2470734
FOS	-2.0645349
ANGPTL7	-1.8405989
ACOX3	-1.2082835
TGFB2	-1.6769708
DNM3OS	2.3827365
IL20RA	-2.8027613
	1.1605699
	-1.1164608
PTPRB	1.0700879
AK5	-1.9775356
APLP2	-1.2700511
ARHGEF28	-1.704945
GSTT2	-2.1256188
HDGFRP3	2.3782691
KRAS	1.1883872
PDGFB	1.1850939
ZNF837	-1.8093071
FABP7	-1.3088662
FAT2	-1.8278954
ACADVL	-0.5799242
LOC101928697	-1.4904089
PTX3	-2.4242366
ACTN1	1.0780403
GRIK1	-1.5394972
TACSTD2	-1.3137114
SCARF2	-1.0426227
CIAO1	-0.9980401
HEYL	1.1217236
	-1.3381467
PSPN	-1.2015728
STAT1	2.1681149
CTSF	-0.747132
PTPRK	-1.1160175
INSR	-1.8275305
PQLC1	-0.7885578
GCNT2	-1.587988
SPANXA2///SPANXC///SPANXA1	1.0204291
IRX2	-2.2833715
LOC728868	1.2354398
PLA2R1	-1.4482289
MGME1	-1.7033187
CAPS2	-2.0676005
	-1.641462
	-2.0508495
BNIPL///C1orf56	-1.8189614
TPM2	-0.6791426
TNFRSF10B	-1.6693914
EPN1	1.1497474
LOC100507281	-1.2795435
LOC100293211///IGHG1	-1.0984024
PCYT1B	-1.1510593
ADAMTS9-AS2	-2.2448676
SNAP29	-1.6224554
KLC1	-1.2852901
DUSP6	-2.1346483
SAMD9L	1.2551219
KIAA2026	1.1172048
GDF11	1.6067617
SPSB1	1.2880252
NUDCD1	1.3235882
FTO	-1.0731319
PERP	-2.3449948
MAGI1	-2.6431749
	1.0525469
ANKRD45	-1.309918
METTL14	-2.1428433
	-1.0564559
ZCCHC11	-2.1698646
CTPS2	1.4082041
LOX	2.4799072
BCL10	-1.3232576
SLC4A7	-1.3213982
DCC	-1.1112935
ISPD-AS1	-1.231083
FADD	0.88933
LMAN2	1.1483466
IGHA2///IGHA1///IGH	-2.4561026
GS1-24F4.2	-1.4523508
ARHGAP6	1.3630919
ANKRD13B	0.9427551
SEMA4C	1.1189792
TMEM259	-0.9086893
CFI	-1.3110929
MYO9A	-1.1937309
ECHDC2	-0.8661254
KDM5C	-1.4935652
POLQ	1.6552238
ST3GAL4-AS1	1.9865792
CDK2	1.0839092
SNORD68///RPL13	-1.450546
UNC5B	0.7961313
NCOA1	-0.7368407
UCKL1	-1.2744802
ANKRD18A	-1.7725906
	0.9184498
ROPN1	-1.3510288
CDKN3	1.9866758
RLF	-1.4587105
PPM1K	-1.0646942
OR5E1P	-1.5228047
GLIS2	1.3810404
MAFF	-2.0814698
PADI2	-0.8714598
TRIM2	-1.6672073
LINC01144	1.0349894
CENPU	1.1252925
	-1.7396921
RPH3AL	-1.1464179
POU2F2	0.6960365
TRABD2B	-1.8747743
PET117///KAT14	1.3693932
ZNF662	-1.2735136
PCBD2	1.426076
	0.9318954
ACER3	1.1168333
SNX1	-1.3925402
SAMD4A	-1.8025922
NEURL2	1.3241528
NDUFA5	-1.0721513
NTRK2	-2.6700071
SLC25A16	1.2194894
CPLX1	-0.9523208
MCM10	0.8121198
FCGR1B	1.8284515
	-1.4049676
CLIC6	-2.5336894
LOC101927650	1.415187
MYOM2	-1.6303063
ZNF398	-1.2864071
MORC2	1.9867196
	1.0606542
FLJ31713	1.1842208
	2.1138944
CD300LG	-2.0631224
LOC101927820	-1.3212409
AP4B1	1.5666426
LINC00593	-0.8052471
PDCD5	-1.8414247
ELF3	-1.627489
CELF1	-0.8809937
ACTG1P4///AMY2B///AMY2A///AMY1C///AMY1B///AMY1A	-1.4572955
GSTP1	-0.7651243
SRRT	-0.8925324
TLE4	-2.5365693
KRT6B	-1.044095
	-1.3388821
FANK1	-1.4550593
TSC22D1	-0.8830682
FABP3P2	0.8901367
CXCR4	1.6603928
MID1	-1.7012581
METTL7A	-1.0630312
SLC16A5	-1.0797877
APLP2	-1.1753544
SIRT5	-1.0668286
	-0.9559946
SLC4A7	-1.7502926
CTSK	1.2399727
APOE	1.1898738
C6orf10	1.2541467
MRPS25	-1.1986585
PIK3CB	0.8818156
HLF	-1.8676779
	-1.6610055
	-1.9114448
	-0.8363915
	-1.8310482
EZH1	-1.215226
NCOA7	-1.3652298
	-1.351467
PPFIBP1	1.0195071
	1.4542378
	-1.6433881
CHI3L1	-2.7286399
RABL3	1.449426
MMP14	1.2803738
GNL1	-0.6707749
PRR18	1.1691198
CTH	-2.3650771
VWA3B	1.1569624
NUDT1	1.8045017
	-1.475647
VGLL1	-2.5173733
SOCS2-AS1	-1.4382369
UNC5C	-1.0473394
FUT8	2.0143895
VOPP1	1.287116
XKR6	-1.7257107
RASSF2	1.5403062
CDH1	-1.992438
CMTR2	-1.7850165
	-1.5585905
VARS	1.2402202
CA8	-1.5638287
ZBTB4	-0.6352318
MT1E	-1.2340831
FAM129A	-1.3700099
IFIT5	1.803535
	1.4962094
DNAH11	-1.3464653
MAGI1	-1.4311731
LYZ	3.0133655
	-1.255504
RAB18	0.9514431
	1.5659324
ARHGEF37	-1.0183326
HOXD10	-0.7425981
PIP	-2.8886429
CLMN	-1.5486738
JADE1	-1.5635627
	-1.0208346
	-1.4999749
KCNE1	-2.3327014
LOXL3	1.3046549
EPSTI1	1.9141287
	0.9847192
SH3BGR	-1.964397
SLC16A5	-1.5229739
SLC6A17	0.9442242
CD59	-1.4213407
ZNF777	1.246209
GSR	2.0739576
MSR1	1.2756108
BUB1B	1.5592281
CILP	1.4552464
YTHDF3	0.7027027
	0.8182218
	0.9720135
TRIM74///TRIM73	-1.0812927
DLG1	1.4731383
GPR143	1.6729369
THY1	1.1110126
DKFZp564H213	1.6046631
IRX3	-1.057579
STK4	1.0260233
POLE2	1.5122152
ARHGAP26	-1.5624327
MPP7	-1.6369911
CA2	-2.3161646
LOC100507472///PCSK6	-1.4209465
	-1.7343549
APLP2	-1.1722477
FBXO16///ZNF395	-1.430806
LOC389906	-1.8505358
CDCP1	-1.2659144
	-1.2011715
TMEM158	1.2308263
KY	-1.5577207
UBE4B	-1.5942657
C1orf226	-1.354958
SIX2	1.0642503
HORMAD2	1.0089601
KLHDC7A	-2.5641044
	-2.0787984
MT1X	-1.1682665
EHF	-2.2676786
C15orf39	0.8924362
C21orf59	-0.9113696
CALU	0.9055619
	-1.4491029
CRABP1	-1.6651179
ALS2	1.1123346
WDR26	1.2285617
	-1.5559908
DNAJC1	1.1867388
AQP2	0.8014819
GXYLT2	1.5766821
SRGAP1	-1.2735599
CMTM7	-0.9650757
LOC145694	-1.1491181
LINC01013	0.8792128
GUCY1A3	-1.0764459
NPL	2.1681843
ALCAM	-1.4640327
CROT	-0.8689044
SGSM2	-1.6440347
MFAP2	1.7959953
ABCB4	1.6754195
SEC14L2	-1.3105953
	-1.5335844
RNF126	1.120477
SNRPD1	1.0583434
NXPE3	1.5613757
	1.1871749
TANK	-1.3403716
CHD9	-1.0110018
INE1	0.8366069
SERPINE1	1.3758859
OAS2	1.143332
ACD	-1.4398245
NCOA3	1.3275626
CTSV	-1.2276205
CBX3	1.1219286
	0.9783513
KLHL21	-1.4145106
POLI	-1.3572054
LOC101927196	-1.5097566
OBSL1	-1.3698558
ALDH7A1	-1.1153538
DNAAF1	-1.7457839
CHEK1	-1.9169258
	0.9365828
MRPS30	1.9045219
NR1I2	1.2698305
MIR6883///PER1	-1.0872095
DPEP1	1.4519881
DYNC2LI1	2.392717
SIRT3	-1.413734
	-1.5435094
PYCARD-AS1	1.6343492
IFI44	2.1254768
SEMA4A	0.7828581
TESPA1	1.3919531
ZNF805	1.6573937
CST2	1.339044
	1.1478264
SORBS2	-1.961439
TOP2A	3.3218141
TRAC	1.4886931
ANKRD40	-1.1310122
SFRP4	2.0658096
DUOX1	-1.7144748
YAP1	-1.0755886
MBTPS1	-0.9959884
CD6	0.9526616
TYMS	1.4852266
ADD2	1.288603
VTCN1	-2.2618228
NUP62CL	-1.5122044
LRP5	-1.0353144
	-0.9814415
TAGLN	-0.8392552
SLC25A25-AS1	-1.0106377
HIST2H2AA4///HIST2H2AA3	1.2893915
OVOL1-AS1	1.0012519
LYSMD4	-1.3948817
PARPBP	-1.3582446
SEMA6A	-1.3884883
	-1.4971106
SMC4	1.1220592
CFTR	-1.7605734
CRIPT	-0.9186823
POLR2K	0.9247138
ZNF204P	-2.372422
WIPF1	1.7003849
LOC441454	-1.9059489
RBMS2	1.3074254
GALNT2	2.0896738
TENM2	-2.0357238
CD59	-0.8667005
SIKE1	-1.454083
COL27A1	-1.5012563
LOC101928386	-1.4088847
ADHFE1	-1.0535539
FMNL3	1.0830883
	-2.3355556
DENND2C	1.0563095
SPICE1	1.5370372
CCDC80	2.0076432
ADAM12	2.0402875
CNTNAP4	-1.0919535
VCAN	2.9626992
SNX22	1.1153276
C8orf88	-1.9160096
	0.7341914
TRIM65	1.1298902
GRAMD3	-1.4853127
LOC283713///OTUD7A	-0.9947018
	-1.3483606
TP53BP1	-0.9846625
LOC100131541	-1.8924462
ISM1	-1.9307523
GRAMD2	-2.0550153
OR51B5	0.9733025
GSTM1	-0.6392
RERE	-0.688872
MGC27382	-1.3175014
ATG12	-1.5246971
SAV1	-1.4822874
RRAS2	-2.2443334
	-1.566717
LOC101927151	-1.2034232
ZBTB47	-0.7446056
	-0.9347986
ITGA11	1.3183608
COPG2IT1	-1.2551982
QSOX1	-1.8429784
SULF1	1.9145245
	-2.3431314
GNA13	2.2920984
LINC01492	-1.5477251
SLC8A1	1.9948954
ADAM12	2.5391919
AQP4	-1.9718953
SLC5A1	-1.4197635
	-1.67873
PBX2	0.8844392
ITGB1BP1	-1.6760903
BIN1	-1.1594545
DMKN	-1.9048342
TUSC8	-1.3882187
CNDP2	-1.6682338
CYP2J2	-1.7589432
SCGB1D2	-2.9653073
NPC1L1	-0.8898791
SLPI	-1.2981205
	0.9904926
BSPRY	-1.2697379
ERICH3	-1.9392493
SLC25A15	-1.5771157
AMT	-0.9678222
CD163	1.7491291
FAM83B	-1.862614
MT1G	-0.7883565
ZNF623	1.0100872
SYT11	1.2261254
	-1.0918526
	-2.6638622
KLK6	-1.0399646
STEAP4	-1.6295358
TM4SF1	-1.6029858
LOC729732	-1.37726
OR7A10	-0.8896877
PPARA	1.1774923
RMI2	1.2762956
SART1	-1.5163426
	0.7348199
	-0.792399
	-0.7026145
ARHGAP5	-1.3454344
STK39	1.1901407
ADAM28	-2.3616033
CCDC171	-1.9249449
CX3CR1	-1.3956776
	-0.9898007
RILPL2	-0.9384847
	1.2020276
IL10RB	0.9123656
PTN	0.9537207
TOP2A	2.9157019
PI3	-1.3917984
ADAMTS12	1.5517228
PPARA	-1.47869
C1orf43	0.9317259
CHST11	1.2755002
ZNF207	-0.9704395
PCDH17	1.0183991
	1.4830967
SHISA5	0.6235196
CAT	-1.4221441
CGB1///CGB8///CGB7///CGB5///CGB3	-1.0154428
	-1.5759993
STYK1	-0.9166894
HHEX	1.499582
OAS1	2.2027026
	1.0138357
SLC36A1	1.3398584
DCAF6	0.8202716
LEF1	2.2940983
ETS1	0.7854127
SMARCC2	-0.8303975
HSPB11	1.5623316
TXNIP	-1.4047143
	-1.5365899
	-1.2123917
CELSR2	-1.0945491
FAM45A	1.5940356
RRAGD	-2.0754413
MYL9	-1.1702926
MAP1B	-1.351714
SHROOM3	-1.7582243
PBRM1	-1.1536815
VWA9	1.1419936
LEMD3	1.0075625
	-1.3628126
P3H2	-1.8162748
SRI	-1.4225105
	2.1965698
VPS37C	-0.8697429
ABCD3	2.1112627
LDLRAD4	1.5746402
NCAPG	1.5543269
CREB3L1	1.3014061
KCNC4	-1.0999847
	-1.0210673
MLKL	1.3664083
CRISP3	2.1599557
PWWP2A	0.8359442
ZNF33B	-1.4391329
	-1.5925007
CLDN11	-1.1645884
KHK	-0.7613045
EVI5	-1.4801473
CTCFL	1.396391
ETV2	1.3827337
LOC389834	1.2333761
LOC202181	0.9850456
SSPN	-1.3187133
	-1.6090578
CKMT2-AS1	-1.0846063
MGST1	-1.5876501
LRP8	1.32275
	-1.7668292
LINC01138	-0.8938051
MAPK8IP3	-0.9765492
TCEB3B	1.2649435
AFF4	-1.0590901
SP4	-1.017271
SOX9-AS1	-1.3515186
ZNF382	2.2062637
MYF5	-1.1977372
TLR8	1.100382
	1.4456912
CCM2L	1.2744092
CD80	0.6240992
NPY1R	-2.3842172
OBSL1	-0.9533324
MRPL49	-1.1587578
ATL1	-0.9801622
LINC00472	-1.6766989
	-1.2854633
EGR1	-0.9295362
GNL1	-1.0211476
	1.4571724
LOC101930655///C7orf73	1.0452649
CCDC169	1.020557
FBXW4P1	-1.4175698
ARAP2	-1.1231738
GRIA4	-1.2024646
	-1.2139077
MYB	-1.2833725
MIR205	-1.8911175
TEX26	0.9858608
LOC100507201	-1.2123581
ASXL2	-0.8365931
PALMD	-1.5863613
NSG1	-1.0061085
ISG20	1.7857942
LINC00458	-1.3581789
PINK1	-0.8918365
LRRC74A	-0.9520476
MFGE8	-1.2040861
GPM6B	-1.6438429
QPRT	1.8217
	1.6757291
ZSCAN25	-1.1143874
EZH2	1.6193712
ENOSF1	-1.3627481
	1.2049314
CLEC2B	1.1693518
RAB31	1.531467
VPS35	-0.708256
LINGO1	1.4090707
SP1	-0.8690179
SRRM4	1.0507592
	-1.4146535
NAP1L2	-2.2702044
	0.9059554
AMDHD1	-2.0182805
ATXN3	-1.6000773
IQCA1	-2.6155006
	-1.2051229
CUX1	1.4143686
CECR5-AS1	-1.4476089
FADS2	1.2949615
RTN2	-1.0535363
	-1.4495088
	-0.929292
FOXN3	-1.1275887
RFX1	-0.7686098
BBX	-1.6213829
PRPSAP1	-0.8674343
PPP3R2	1.0759076
SORBS1	-1.9376748
LOC101928076	-1.1891433
DR1	1.1665105
	-1.0182865
HS3ST1	-0.9120918
LOC100130370	1.1548846
SNORA70///RPL10	-1.0536071
ZBTB20	-0.7997009
HIPK2	-1.3634484
SLC6A14	-2.0705904
SKA2	1.5726021
PAN2	-1.2513654
RPL7	1.5672103
LINC00487	1.4796453
IKBIP	-1.5700288
GFRA1	-1.7935004
PAPOLA	-1.3838475
PRRG4	-1.8840144
MRGPRX3	-1.3709513
WDFY3	-1.5910566
RGS1	1.4840127
CSNK1G1	1.4361466
TRAF3IP2	1.2154945
AP1S3	-1.4453427
EGR3	-1.6203598
C9orf66	-1.8949847
TIMM17A	0.7396935
DPYSL2	-0.8081657
	-0.9060999
SLC1A6	1.2422692
ZNF578	1.0522973
VPS53	-1.0921449
	-1.6751318
PLAA	1.3787669
TENM3	1.4618199
C5AR1	2.2744798
KIAA1549L	0.8303149
TGM2	0.867429
LOC100653057///CES1	-1.9673656
	-1.5557963
FNBP4	-0.9817123
ERLEC1	1.0006287
GNL1	-1.1653475
	-1.9434308
CDCA5	1.7335021
PPIL6	-1.4647035
NTN5	-0.9223457
CLDN15	-1.396061
SFXN2	-1.1996101
NPEPL1	1.9951746
SYN2	-0.932311
GREM1	1.5024081
	-1.3469819
SQLE	1.0669371
ARHGAP4	1.1841275
DDX60	1.9280492
MRPS25	0.9376212
ZNF594	-1.1171081
MOGAT2	-1.1308669
	-1.1854056
	-1.8758959
MAU2	-1.299213
FLII	-1.1510655
VDAC1	-0.9236193
LOC645513	1.4171174
KANSL1L	-1.4900674
	-1.9887536
RRAS2	-1.186691
FRMD3	-1.5589153
	-1.4326405
GPAT4	1.6462487
HIPK2	-1.2058378
JUN	-1.1465914
STAG2	1.3427559
KLK10	-2.0051931
SLC30A5	-1.5257871
STARD6	-1.3624743
FAM168B	-0.606908
DIXDC1	-1.7325528
TMED6	1.8164902
PJA2	-1.6365961
LINC01116	2.0738803
	-1.5921182
	1.0312107
	1.0120663
ATOX1	1.6233967
WDR12	1.5684848
ANKRD37	-1.0547858
N4BP2L1	-1.5392778
LOC101926967	0.9540405
UGCG	1.1276837
IGFBP7	1.4499327
THSD7B	-2.0619218
HOXB7	1.5486522
CDADC1	-1.2253921
COL6A1	0.9554051
LOC101927653	0.8889683
ZKSCAN1	-1.2881038
PARP1	1.1039396
FAM126A	-1.7444557
MAGI1	-1.0239731
	1.3582779
	1.4707233
CP	-1.976939
AURKB	1.8383984
FAM120C	-1.1114461
IRF9	1.1281127
THAP10	-1.2666705
ZNF91	1.0199173
SNX29	1.1897573
HCG18	-1.1852448
PKHD1	-0.7012871
	1.3810335
LINC01551	1.063974
EXOSC10	0.9530569
LOC100288675	1.6605382
MLNR	1.2785335
ACTN1	-0.6283453
	-1.2516156
	-2.0660101
C20orf166-AS1	0.8490411
	-1.3909981
FTHL17	-1.1642575
ZNF185	-0.7753055
ALOX12-AS1	1.8059679
LINC00165	0.7855753
DDX39A	0.9318077
	-2.63468
SLC26A7	-0.7393593
GPR37	1.4867973
VPS33A	1.0444806
	-1.7699758
TRIP6	-0.7314095
RTCA	0.9779066
	0.8414521
KLF12	1.009481
DIAPH2	-1.3825936
IL2RA	1.1811274
	1.0461893
	-1.1681968
IGF2BP2	-1.1243976
LINC01210	0.6000772
SPRED1	-1.3223169
KLF9	1.1397801
MYH11	-1.6631785
TGM2	1.4482728
SUGP2	-0.7059669
DHX58	1.5543951
COL4A1	2.5438928
LOC101927133	-1.0627067
WDR61	1.2020254
LINC01330	-1.1520662
SNRPC	0.8128792
KAT8	0.9105211
CCDC40	-1.6615357
	-1.885981
LINC00955	-1.0460298
LAMB1	1.5501579
GPM6B	-0.8547677
	0.5464816
FAM107A	-1.1841113
	0.9931268
EDNRA	2.5368696
ZNF630	1.9437464
SCARA5	-1.939446
RAB27A	0.8277787
	-1.6057949
UVRAG	-1.401514
LINC00661	0.8197937
VPS37C	-0.8289199
ZNF585A	-1.403928
FLII	-1.2167697
JUN	-0.9384203
CDH2	-0.8515637
WDR26	1.9429643
TFEC	1.4206407
ABCA4	-1.7479101
GIT2	-1.2873441
CCNE1	1.4740601
EFNA5	-0.6856335
VPS35	-0.6002738
OBFC1	1.5415249
SCARA3	-1.4452999
	-1.4099435
PTGER3	-1.4575352
SEZ6L	0.8895381
LOC286161	-0.7255882
DLL4	1.2017183
WIZ	-1.120127
ARHGEF28	-0.7946942
	-0.9690195
LDHC	1.1913352
HNMT	-1.4299158
IGF2BP2-AS1	1.0227004
CYP2C18	1.0426585
AFP	-1.9382443
	0.9292091
PLXNC1	1.7763016
DUOX1	0.8249677
EVA1C	-1.3581131
PLA2G4B///JMJD7-PLA2G4B	-0.8843667
MUC6	-2.0572229
POLR2K	0.8596952
BAG4	-1.9375645
ERICH1	-1.2452926
NAT6	-1.1399093
TAS2R7	-0.9433102
FBXO21	-0.9285719
AIG1	-1.5235954
FBXO3	-1.2406808
NFIB	-2.0539485
SGCE	-1.2476193
PYROXD2	-1.1270814
CDCA7L	-1.190612
FASTK	-1.5566787
HSDL2	-1.467119
CIRBP	-0.7989666
USP47	-1.7934332
CGREF1	1.5693691
	-1.0436012
MTSS1	1.5084158
NRSN2	1.2741772
CLCA4	-1.7724453
FOLR1	-1.0926538
ZNF274	-1.0032089
MCCC1	-0.9188907
VEGFA	0.719443
CDC42EP3	-1.6122161
THYN1	-1.0779277
	-1.2916305
SLC38A2	-0.748518
	-2.4061044
CMKLR1	1.6750779
	0.9835943
GMIP	1.0629792
	1.3655201
CAT	-1.0253787
CASP10	1.1181462
SMOC2	0.7409896
BBIP1	1.5400764
SLC37A2	1.0808145
LOC101929683	-0.73835
	1.159198
KCNC4	-1.9174279
HYI	-0.9901596
	1.0044211
PFKFB2	1.6779002
LOXL2	-0.8022349
TBL1X	1.6052761
KCCAT333	1.1588813
SPC25	1.9327494
LOC101927159	-0.8534966
TSPAN14	-0.8620725
MIA3	1.3119741
EPHA5	0.9699114
RAI14	-1.4526505
PPP1R1B	-1.431141
TOMM5	0.743347
ATP6V1C1	1.1596972
MFSD4A	-1.6802965
RAP2C	1.6609657
CLEC2B	2.3583915
TMEM220	-1.0118812
LPIN2	1.0495578
KMT2D	-1.0933119
	-1.6242314
PNISR	-1.2766586
TXNIP	-1.0042091
CDH3	-2.180984
HSPE1	0.6506592
ANPEP	-1.4237579
FAM47A	-1.3700184
DNAJB8-AS1	1.0599345
HYI	-0.8163018
DDX60L	1.3451222
NLGN4X	-1.6041414
MKNK1	-1.8885531
FAT1	-1.0727156
	-1.6124688
	-1.2158068
DHX9	1.4246672
ARPC3	0.6989094
GS1-279B7.1	0.9472453
SSX4B///SSX4	-1.4602059
EZH1	-0.7312603
RGS2	-1.6064856
	1.0800979
NDUFB10	0.8521157
	-1.1732576
XYLT2	0.9291658
MGST1	-1.9746446
	2.0785537
CYFIP2	1.730123
	1.2642183
ALG10	1.5736943
IL18RAP	1.4223158
PDE1C	-2.6698232
PTCD2	1.5095187
THYN1	-1.2332561
PNP	1.1859155
MAPT-AS1	-1.030806
SFXN5	-1.4115579
	-1.7317842
AUTS2	-0.7420752
DEUP1	1.5647692
TPM3	0.6468745
PLD1	-1.7978141
C4BPA	-1.246413
C12orf74	-1.0055626
ALG13	1.3307799
KLHL18	0.843157
CDK1	2.2618444
	-0.8932575
	0.775444
	1.5002547
HIST1H4PS1	-1.2878248
AP4S1	0.8699325
NR6A1	-1.0358398
DR1	1.1577704
BPIFA1	0.7793512
ARSD	-1.0163431
ELOVL5	-0.5340493
TRIM3	1.2525842
NOTCH2	-1.1385983
CDH24	0.7439542
	-1.2571745
LINC00857	1.1572971
	-1.4783342
THRB	-2.0372588
SLCO1A2	-1.3631036
HOXA7	-1.1128826
PLPP2	-1.2234284
LOC100499489	-1.3689939
LINC00537	-1.3072458
	-1.0999329
TEX26-AS1	0.9566764
GAD2	-1.3986831
BRWD3	0.9279519
	-1.2566953
TM4SF18	-1.3321467
ZNF547	-2.1684217
	-1.8750101
CRYZ	-1.6306024
PDGFRB	1.0385015
WDR86	-1.4390268
CDK10	-1.1436022
SLC7A11	0.7707195
ADAM32	1.4613048
RARS2	-1.4446853
MGST1	-1.3797617
HIPK2	-1.3660146
DUSP1	-0.9797108
	1.19813
HLF	-1.8212028
TDRP	-1.2298779
CCDC120	-1.3304975
CRY2	-1.2679768
BOC	-1.1534781
PRC1	1.9972116
PARP3	-0.8338788
GPRC5A	1.7888562
ASAP1	1.0826642
	1.2004546
RFTN1	1.9316969
TM6SF2	0.9206503
MIR6883///PER1	-1.4324518
LILRA5	-1.1649893
MYO9A	-0.8705661
TLX2	-0.879853
NUDT11	-1.3307401
	-1.3027682
KIAA1524	0.9629073
ADGRA3	-2.1422262
INTS10	1.9868169
ALDH3B1	0.8166661
PCDH10	-1.2762134
SLAMF9	-0.7925638
ZWINT	1.0985941
LYPD6	-1.7963152
LOC100996325	-1.1438128
TRIM14	1.1205201
ZNF229	-1.6951702
	-1.3009463
PLG	-1.0398978
ROBO3	-1.3619337
TBCE	1.6112123
MT1F	-1.1291193
LOC101928274///VSIG10	-1.2897669
TCTE3	-0.7768436
CYP4A22///CYP4A11	-1.0880793
ITGA3	-0.7414105
	-1.1785155
HRES1	0.8587948
TUBB2B	-2.3252442
KANK4	-1.9730242
URB1	0.7998062
ZNF529-AS1	-1.3267668
	-1.3794497
GPM6B	-1.445148
	0.937432
KPNA2	1.1798234
MIAT	0.9544926
	-1.1758875
RAPGEF4	-1.2712113
MIR6513///TMBIM1	-0.799371
ANKRD28	-1.549832
RIN3	1.1083231
TGFBR3	-1.5476315
	0.9121082
	-1.4450448
PHLDA1	-1.3288114
WDR62	0.9603213
MTDH	0.6996994
ATG3	1.0570989
CDH19	-1.454339
	-1.6152589
ASPH	1.2432576
DSC1	-1.1150474
RNF144A-AS1	0.9539002
VWA5A	-1.1798963
	1.044771
CELF2	1.8884327
ITGAM	0.8151788
	1.6129827
	-1.6573555
NINL	-0.8453618
ZBTB44	-0.6077408
	-2.0252267
GNB5	-1.144924
PDK3	-0.6303973
ADAMTS12	0.6351865
RASSF8-AS1	-2.1006956
TAS2R1	0.7594777
PCSK4	0.7789777
FAM220A	1.5262013
CADPS	1.394917
LINC00951	-1.0048889
H2AFZ	0.627913
IQCE	-2.0146039
	0.8002856
	0.6516853
FBXO28	1.1473003
MLX	1.4382709
RPL36A	-1.8009201
	-1.1776437
SLC8A3	1.0508571
SORBS2	-1.6596481
CA14	1.052408
PRRX1	1.3793374
CYP4F8	-2.868981
GADD45A	1.1712026
RFC5	1.2286489
LINC00536	1.2569771
PGR	-1.4656996
STAT5B	-0.9315264
MPHOSPH6	-0.920022
KRTDAP	-1.1688903
PAX1	-1.0331404
FITM2	0.6860681
TGFBR3	-1.0646332
DLG5	-0.9174215
GNRH2	0.8246022
SRXN1	0.8455547
PCDHB9	-1.0019832
	-0.8828452
ARL6	-1.4166822
ALS2CR12	1.6932158
BACH2	-1.5936711
CUL7	-1.2989302
	-1.0464979
TBC1D13	-1.3018105
SCARB2	-0.6457124
ACTG1P17	0.8401983
ESPNP///ESPN	-0.9007167
	-1.4560249
	1.1732397
VGLL2	0.9346469
LINC00216	0.8075306
PM20D2	-1.5939743
ZNF225	0.9871532
DCBLD1	1.8411401
LOC101928052	-1.2717208
PDK3	-1.2321697
IFIT1	1.7044005
CAPSL	1.6213422
	1.2512373
ARID4B///RBM34	1.3742823
SLC25A16	1.3786469
GFPT1	-1.1099088
PAFAH1B2	-1.0214813
LCN15	-0.941663
PARP9	1.053319
	-1.9323884
RHOF	1.0051776
CDKL1	1.5871214
ERICH5	-1.4695874
CRNDE	-0.966398
SLFN5	-1.2165748
PRCP	1.3624115
DDX19B	-1.4018172
IL15RA	-1.1715021
	1.6418501
PRR5L	1.5180625
LTF	-2.3951268
OAS2	0.8301552
BCL2	-1.1134889
STXBP6	0.5700037
NFYA	1.3627017
SP6	-0.6892267
	-1.3542011
CUL4B	1.2274973
	-1.1900821
LOC100506922	1.7848944
TBC1D8///RPL31	-1.3027394
CCDC148	-1.3866477
GOLGA7B	-1.0648646
C15orf59	0.9098756
ABI3	0.8727744
INO80D	-1.310684
	-1.4343757
COL5A3	1.1365303
TIGAR	1.2236118
OR5K1	1.192561
SOX30	-1.1111543
AP3D1	-1.3013912
HYI	-0.7471842
	-0.6623639
SLC43A2	-0.713192
GABARAPL3///GABARAPL1	-0.9848673
GNAS	-1.2222006
	1.0464973
	0.8409014
SLC22A1	1.0662639
	0.9157151
DOCK5	-1.1481076
SLC31A1	-1.3927095
	-0.6160128
LOC644172///MAPK8IP1	-1.0590196
FCGBP	-1.1409367
SPATA33	-1.4992756
	0.9945775
ANKRD34C	0.9971201
ADAMTS5	-1.6200638
LDLRAD4-AS1	0.9803829
LINC01500	-1.2406297
TCIRG1	0.777505
GSTM1	-0.5418711
CLCNKB///CLCNKA	-0.9070692
MED14	0.5844358
CLIC4	1.3900367
MMP1	1.7708291
CCNB1	2.208809
CMTM6	-0.9066031
VWA8	-1.1812606
CXCR4	0.8400911
RFTN2	1.8364256
FAM210B	-0.5521451
ERVMER61-1	-1.3915201
	-1.7589477
TPP2	-1.323146
RBMS1	-1.1179563
ZBTB39	0.7016033
HOXB7	1.703273
	1.2738971
	-0.9929521
PCDH11Y///PCDH11X	-1.2305474
	1.2441838
RBFOX1	0.8952639
ASCL2	-0.9256764
	-1.9206857
ZNF85	0.7010878
TTC6	-1.7548859
DGCR5	1.0893668
DESI2	0.5688566
SNX24	1.2011151
CLDN23	-1.3286809
LOXL4	-0.8097364
TNR	-0.693418
UNC5A	0.733544
PTRH2	1.1205878
	1.3930122
ZADH2	-1.2610118
ZBTB24	1.3524479
GPLD1	-1.979831
C16orf92	-0.9678276
TBC1D8B	1.5088217
GRK6	1.0711695
SLC43A3	-0.7722095
PAK3	-1.2594721
SAMD9L	1.2588953
BDKRB2	1.9722301
C1orf159	0.9676183
PREP	0.9191534
FIP1L1	0.7999383
UBTD2	0.9747081
UBE2H	-1.2294057
CNTNAP4	-0.5235942
SULT2B1	-1.4432285
LINC00470	-1.036164
CFAP20	-1.0782759
EME2	1.1866173
RAB3C	1.2674798
DMRT1	-0.84553
RAD51	1.5037195
TAF6L	1.047124
PRR5L	0.702315
ADM	-1.7206546
FLNB	-1.0110331
ENOX2	0.8788091
NEDD4L	-1.5933624
	-1.2667822
BIN1	-1.3068509
TRIM45	-0.8932128
KRBOX4	-1.6273727
C17orf105	-1.2125382
	1.2853537
ANKRD35	-1.068533
LOC101929528	1.2066324
NPIPA5///NPIPB5///NPIPB11///NPIPB8///LOC613037///NPIPB4///NPIPB3	-1.3284638
EIF3L	-0.7172364
MTSS1	1.150562
USP18	1.6017142
SPINK2	0.8222685
NMNAT1	-1.1002891
TMPRSS2	-2.0578026
GIT2	1.100396
LOC101060386///BOLA2///SMG1	0.9137638
UBE3C	-1.2553433
COCH	1.7968734
KCNN1	0.6594931
HIF1A	-1.2748354
RNFT1	-1.8331591
SSX1	-1.4953059
ADAM18	1.1361543
TFAP2D	1.0190718
CUL4B	1.4512268
VSNL1	-1.840339
CHIC2	-1.0208853
NR3C2	-1.9892627
CP	-2.1803512
	1.8511674
COL18A1	0.8924458
	-1.3012102
NDNF	0.6055317
G6PD	1.6807884
PIK3R4	-1.2283894
	1.2886781
OSTM1-AS1	-1.037109
ACTA2-AS1	-0.5679055
ZNF462	-1.4080553
	-1.9463358
CACYBP	0.9641427
CDC5L	1.3428742
LDAH	1.3804508
CD84	0.8225154
PARD6G-AS1	1.1049027
IFRD1	-1.4482774
	-1.371216
TNRC18	-1.2568753
SCUBE2	-1.4724997
C8orf17	1.0770077
FLII	-0.8135934
FAM227B	-1.5986438
QSER1	-1.2190312
MBTPS1	-0.883367
PTGS1	-0.8603701
CASZ1	-1.481251
	0.9536488
GLRX3	1.1901077
NIN	0.7993848
DNAJC25-GNG10///DNAJC25	1.480179
CST1	1.6000772
	-1.5544729
OMD	1.8840634
DNAH17-AS1	0.9468385
PPP6R1	0.5249667
MIR2052HG	-1.155241
	-1.1791621
LOC100505851	-1.5320719
RWDD2A	1.4650924
SIX6	0.8023122
ENTPD1	0.8909903
RAD51L3-RFFL///RFFL	1.178968
LOC100288798	1.3962702
ADAT3	-0.8025342
AIM1	-0.9025547
CXCL11	2.2591803
NENF	0.9948742
	1.2554192
ACSL1	-1.3861198
LIMCH1	-1.2386934
CD300LG	-1.2243449
BGN	1.5275328
	-1.0417928
NUP210	0.7470876
	-1.2648707
MAMDC2	-1.5060975
SHH	-1.2188753
	-1.6310442
EIF1	-1.6386711
ARMC1	1.7019472
LOC101928042///LOC101927579	-1.1498341
KNL1	1.2456865
FGD4	-0.9007509
RGS12	-1.0192222
METTL9	1.2565934
ALOX15B	-1.8247649
IGHV3-23///IGHV4-31///IGHM///IGHG4///IGHG3///IGHG1///IGHD///IGHA2///IGHA1///IGH	1.2204239
LOC101805491///TMEM247	-1.0901974
LINC01620	-0.9353166
	1.0266882
PRDM14	0.926144
LAT2	1.1542959
SLAMF6	0.5362557
TNFAIP6	1.445605
SIKE1	-1.2068551
EQTN	-0.9461213
BIN1	-1.2308983
ZNF611	-1.1942267
C20orf196	1.3155005
MAP3K7CL	1.2998948
PSMD9	-1.2513779
TIFAB///DCANP1	0.9722798
KIF21B	1.4456822
LOC101929988	-1.3329869
FGF20	-1.518611
MMP12	0.8668723
LOC101927499	1.0093057
TNC	-1.6137274
SLC22A17	-1.3037026
RFX4	1.1333537
CXorf21	0.8796221
TFAP2B	-2.1363872
ACHE	1.0180905
KCNIP3	-1.3259015
ARL6IP1	0.8278594
	-0.9852191
	-1.0592663
PPP1R7	1.661538
LAMC3	-0.9141281
	-1.6416532
TM9SF4	-1.4095839
CALCOCO2	0.6094587
TP53BP1	-2.0177135
ADAMTS9-AS2	-2.0178558
	-1.3909653
HJURP	1.2061374
MYO9B	1.5127905
LOC101930296///TBC1D26///ZNF286A	-1.3671191
C1QTNF5///MFRP	1.1416195
DUSP4	-1.6037808
ZKSCAN7	1.0184699
MAP2K1	-0.8980898
CENPBD1	-0.9637913
CCNYL1	1.7623377
ENTPD5	-1.3323695
	-1.1351064
FATE1	0.8555536
	-0.9087314
ZNF747	-1.0477775
TMEM129	-0.9677386
CA3	-1.7726081
THEMIS2	0.7939251
S100B	-1.9807304
NSMCE2	0.8326548
ZBTB20	-0.7781417
SLC10A1	0.6861319
CXCL1	-1.5478678
CFAP52	-1.3522243
BCAS1	1.1800322
VPS50	-1.869422
VPS33A	1.1948194
TUSC3	-1.4401255
MCF2L-AS1	1.0577415
GALNT1	1.1009742
GPRASP1	-1.4867485
OBSL1	-1.1942299
BCAN	0.5443642
TSPAN18	1.4687253
ESM1	1.3098949
LOC100287576///DGCR5	-1.1936276
PPP1R1A	-1.9446868
C10orf71	-0.9140851
GPS1	-1.1988693
TP53RK	1.9322404
AQP8	0.9467481
ERCC6L2	-0.957357
MIR3654///EEF1G	-0.4680154
	1.2070096
CADM3	0.8961754
CNTNAP1	0.6853495
SNTB2	-1.5821284
NGRN	-0.5556214
	-2.1322556
TCF7L1	-0.8822443
	-1.1637478
PCDH9	2.0927789
LRCH3	0.9358165
CCRL2	1.7474686
LOC101927257	0.9941484
SMG6	-0.8859698
IRX5	-1.1757527
EPHB4	-0.7865577
CACYBP	0.7806238
STAG3L2///STAG3L3///STAG3L1	-0.8633354
ZBTB11-AS1	1.3288431
TP73	-1.1599717
CHST15	1.095643
FMO5	-1.5834481
CTLA4	0.6802026
	-1.1353486
FAM201A	-2.5892514
WSB2	0.8546708
LOC105371401	1.1137672
TOR4A	1.2426395
VSIG2	-1.4558226
	-1.2836114
FAM49B	1.1016212
	-1.2329614
GATC	-1.3561674
C3orf38	-1.4416319
TPM1	-1.1197841
DOCK5	-1.5090094
	0.8970287
	-0.9902079
MBD4	-1.4889029
ZNF641	0.5334293
REXO2	1.026123
GNG3	0.5637077
OR10D3	-1.0144681
KCNH1	-1.2218317
	-0.9430921
P2RY10	1.6002594
NOVA1	-1.1475635
CRTAM	1.6351242
	-0.9334726
FLOT2	-0.620861
TSHZ2	-1.5528213
ZNF568	1.4053773
	-0.7354897
PRDM6	1.5858353
SYNPO2	-1.5118321
CALU	0.7143414
ZNF519	-1.224765
GTF3C4	1.2220238
EHF	-1.3760243
MED20	0.9565423
	1.0154933
MRPL9	0.5204014
ATP1B1	-1.1098511
MYD88	0.6886095
COL25A1	1.3744066
PLCH1	1.3242158
CARD10	0.5577157
GP5	1.0292173
CP	-1.219344
	0.8307692
PXK	1.7038116
SHANK2	-1.2055278
LPP	-0.8625245
MUC3	-0.670762
FDFT1	-0.7982664
NACC2	0.9208805
	-0.9955476
CCDC62	-0.6983865
MBNL1	1.2397372
IFT27	-0.8626
	0.7523664
	-0.8560661
RAB2A	1.7065344
LOC285095	-1.3730673
HTATIP2	0.8031295
SAMD1	1.1593141
SPATA19	-1.0361876
FANCM	-1.462806
UBAP2L	1.0062925
DCUN1D1	-1.4700714
NAA40	-0.7605748
PRPF18	0.9510326
	-1.2049213
MRPS14	0.7655922
PADI1	0.5570537
PFN1	0.689627
	1.0982307
ITIH4	-1.541982
NES	-1.1778355
NCBP1	-1.4399161
LINC01120	0.9121289
ZNF432	0.8337059
ROCK1	-0.8847442
OSBPL3	1.2931284
BAZ2B	-0.8050454
BIRC5	1.9168645
TMEM167A	0.720033
NUMA1	-1.3871602
ANGPTL4	-1.4069681
DKK3	-1.3341048
PIK3R1	-1.0440829
	2.1230291
FGF1	-1.4058158
LINC00173	-1.5030314
TFR2	1.5979794
HHLA1	-0.6109883
KMT5B	-0.8752936
	-2.1108715
TMEM151B	0.4856697
LYPD3	-1.1915791
SAV1	-1.2250628
	-1.1979034
REG1CP	0.7459368
TMEM132B	-0.9365696
IMPAD1	0.8942669
LOC101928269///LOC100506403///RUNX1	-0.9431813
ST6GALNAC1	2.1624218
TROVE2	0.9582145
CUL4B	1.5375962
EIF1	-1.0733447
TSPYL1	-1.8451961
ZDHHC9	0.9056456
MINCR	1.1527215
CDC42EP4	-0.8599031
SYN1	-0.7684858
FAM86DP///FAM86B2///FAM86FP///FAM86B1///FAM86C1	-1.3853765
FZD1	-1.8721343
RBFOX1	0.9612175
FAM43A	1.0743388
FANCI	1.3708055
	-1.4832134
	0.8927533
NT5DC1	-1.8111087
PRRC2B	-1.1107866
WDHD1	1.7477979
CDK2AP2	-0.7758355
KRT85	1.125943
RASSF8-AS1	0.9290264
	-1.0596058
YWHAEP7	0.8143874
DNAJC18	-1.0790658
SPTBN1	1.9556044
NPAS3	-1.5146022
TSHZ2	-2.0131499
	0.9336439
SPP1	1.4980456
ZNF71	-1.1683286
CSRNP3	-1.1476732
PCDHB3	-1.3571298
PGK1	0.6254302
SPATA4	-0.7018367
LPCAT3	-0.842976
KCNJ3	1.4229274
SLC26A10	-1.1254878
	0.706947
	-1.1410739
FLG2	1.0189765
TTYH1	-1.3736166
	1.0307676
CNIH3	1.7888204
RYR1	-1.5471633
TVP23C-CDRT4///CDRT4///TVP23C	-1.1397715
FAM107A	-1.5717078
	-0.6962816
BEX2	-1.175922
PARP12	0.8004438
OBSL1	-1.045423
	0.8051873
	1.1557945
SCAMP5	-0.6740188
ZAN	0.7219573
	-0.8819333
MASP2	-0.593156
PPP1R15B	0.9702292
CES2	-0.6637352
TRH	-0.770241
ZDHHC21	1.9209888
EHD3	-0.9430566
PTPN21	-1.774973
PDE1A	-1.0891852
C17orf74	-0.9274975
INPP4B	-1.6859246
BOK	-1.0451998
	-1.349662
CLEC11A	0.9940815
LST1	0.9380879
OVAAL	0.9392468
C1orf21	-1.1511197
STYK1	-1.7019193
	1.2783026
CCDC78	1.4184607
MIR99AHG	-1.38434
UBAP2L	0.7822396
	0.9841254
	1.8489165
NRG1	-1.4697189
FPR3	1.1749623
	1.0339362
CAPN15	1.0697381
MUC13	0.945763
NCAM2	0.8181954
COMMD10	-0.9511444
RAB27A	1.0406992
	1.1412976
	1.0017787
DUSP6	-1.2563908
SPARC	0.8708809
PPL	-1.2543961
MKI67	1.5033396
TPM3	1.0036193
TTC12	-0.6773037
COL27A1	-0.6635514
PEG3	-1.1881332
	-1.3099668
LINC01343	-0.7145242
	1.0291548
MAOB	-1.7599778
FLJ37035	1.3702238
PPP1CB	-0.6734808
LOC100288637///ARHGAP11B	1.6081129
	1.4931979
TM4SF18	-1.5661135
CLCN7	0.601244
PAM16	0.5074126
DRP2	-1.0620421
PLAU	0.9741512
C5orf42	-1.9037246
	-1.3396597
SUGCT	1.3028513
CAMSAP2	0.9484466
SYNGR1	-0.6178448
SP110	0.856182
	-1.2879299
VCAM1	1.2687605
OPRPN	-1.7287981
PLXNB2	-1.0717453
IGFBP6	-0.9649109
BRCA2	-0.7647012
RTN2	-1.1909568
MTSS1	1.2504592
CHRD	0.9823604
MRPL37	-1.2639234
LINC01020	-1.0076057
	0.8185501
	0.7435234
APH1B	-0.9682285
ERCC1	-1.0895305
IPP	1.1251858
ANPEP	0.9467861
CCDC148	-2.0329922
ABI3BP	-0.8491473
TP53TG3B///TP53TG3D///TP53TG3C///TP53TG3	0.5108833
ZNF195	1.1822784
ZNF544	-1.1197291
CCDC40	-1.0611946
TLE6	1.1361879
SERPINH1	1.042519
ULBP1	0.5461705
EPN2-IT1///EPN2	-0.9680292
RNF217	-0.950878
AP3M2	0.9730986
LINC01013	1.0911838
TRIP13	0.8548998
PNOC	1.3397894
EPHX2	-1.4210431
SH3BP4	-0.9554632
CD84	0.6289391
SERP2	-0.9902624
RNF114	-1.0660893
CDC25C	0.9692218
CBX3	0.5988606
LGSN	-1.3922466
	0.8095186
MEI1	0.540854
LOC101929162	1.1803164
LOC338667	-1.0395173
AHNAK	-0.5707034
	1.6176385
APOOL	1.0466233
YAP1	-1.1007491
COL12A1	1.4246577
C5orf17	0.9242316
MS4A5	1.146743
XXYLT1	1.5153287
C2orf57	-1.0868718
HSPA12A	1.6381131
C1QTNF3	0.682917
FSCN1	1.1228855
	1.9972877
GABRA1	0.8493498
	-1.2139381
RPS6KA6	1.040864
ARHGEF19	-1.1244156
	1.5335602
ADAM33	-1.7447057
RBBP6	-1.5506764
	-1.1130151
	-1.0146728
DHX36	0.5716354
C10orf126	-1.5122233
DYRK2	0.9336315
TGFB2	-0.7230929
	-0.8206661
PCGF5	0.7851707
	-1.7297565
GPR137C	1.5348577
	-0.9891779
PTGS2	-1.750548
	1.0145596
	-1.149684
CEP126	-1.1165354
	1.6583895
FDXACB1	-1.4478925
FOXM1	1.6290102
SNORD114-3	-1.3188526
ZNF568	-1.0160633
PQLC3	0.8387652
BCL2L13	1.0474866
LOC100506071	0.9408263
LOC100133089	0.613154
FAM173A	1.0965308
TP63	-0.979791
OLIG1	0.8453333
TRIO	-1.0619549
OASL	0.6539766
RNF166	0.8018464
LOC101929570	1.0366024
FAHD1	1.7340145
CALN1	-1.3858647
HDAC5	-0.9882891
APLP2	-0.6465384
LRRC37A7P	-1.1604623
MRPS30	1.1337934
SP110	0.900435
SH2D3C	0.9139921
	0.9681585
VANGL1	1.2957792
PYGB	-0.8962828
MRPS33	1.0946209
TTC3P1///TTC3	0.6104309
	-1.2509634
ZNF672	1.2384126
UBE2V2	1.4736002
LIPJ	-1.1405239
SLC38A2	-0.6538715
	-1.2305135
LOC101927256	-1.0693416
ARV1	0.7660725
FRAS1	-1.3514475
CALD1	-1.3248708
C16orf71	-1.069632
EPS15L1	1.6408562
NKD2	0.867078
CSRNP3	0.9258859
EFNB3	-1.5270736
MTSS1	0.8297468
	-1.3382335
PI3	-0.836998
TTTY8B///TTTY8	0.6775762
TTL	1.3761893
EPM2A	-1.0766155
INSM2	1.0127139
LOC100130992	-1.5420215
PPP6C	-0.9654111
LRGUK	-0.8856888
	-0.8661549
LOC101929007	0.5301206
SEC22C	-0.8142618
MIR6875///TRIP6	-0.9730904
SELT	1.1143343
	-1.0982836
TAGAP	1.608121
LOC105369595	1.0554026
FCHSD2	1.2326804
CDT1	1.4829291
EGR1	-1.0990521
	1.2156923
FZD7	-1.7691122
STUM	1.2227384
LOC100288181	1.1407527
	-1.2401416
SETBP1	-1.2605733
ZNF436-AS1	-0.8216628
CDKN2A	0.9914042
IFNA1	1.0258189
	1.216339
EFCAB14	-1.4999002
TM4SF1	-1.1127434
SLC25A27	-1.2163173
MTIF2	0.6837168
ASAP1	1.4363999
RIBC2	1.6797095
HAUS8	1.591711
FLJ30064///BRI3	0.8232269
LOC284023	-0.9990516
GFI1B	-0.8359499
ZNF595	-1.2272758
CPNE9	0.6260061
PRKCDBP	0.9762356
MIR6866///CASC3	-0.5838515
WSB1	-1.748786
CTDSPL	-1.2422487
MSH4	1.1835175
PAPPA	-1.0071301
MIR3671///MIR101-1	-0.9390964
SOS2	1.4911059
HRH2	0.8270726
NAA15	1.2096656
RASAL2	-1.7022684
	0.8399339
BCL11A	-1.0307521
LRP2BP	-1.8850534
RIDA	1.1435362
CDKL5	-0.6497594
ABCA6	-1.7537598
TPPP2	1.1035267
CT47A12///CT47A1///CT47A2///CT47A3///CT47A4///CT47A5///CT47A6///CT47A8///CT47A9///CT47A10///CT47A7///CT47A11	-1.1344099
CLMN	-1.4265322
FRMD4A	-1.2537949
ITGB1BP2	1.2350815
GNA12	-0.8229293
NUP62	1.5103073
IDO1	1.3106727
ADGRA3	-0.8972389
CNOT6L	0.9985767
NR5A2	0.5131128
SEC24D	1.2736256
ZC3H7B	-0.9725545
JMJD4	1.1378653
PDE4A	0.9163455
MAP4	-0.5581126
	-1.1052409
	-0.8424054
SUB1	-1.1475776
	-1.3086112
	1.1749704
GPR150	-0.7426061
VRK3	1.2164669
	1.0339989
OR7E47P	-1.0404713
SAR1B	0.9461697
IL23A	1.1188641
	-0.7569292
LOC101929151	1.150059
CALU	0.7870545
SGCD	1.2677328
BCL7C	1.0326908
CD59	-0.6349927
CXCL2	-0.9679692
ZNF317	-0.8106092
KCNG3	0.8603005
SNORA52///RPLP2	-0.4952466
AUNIP	1.1485842
PCCA	-0.6715064
CLC	0.7831605
TIAL1	-1.0643779
TTC6	-1.4064924
HIST1H3G	0.9943116
SPNS3	-1.1690045
	0.95016
ASH1L-AS1	1.1707909
RAD23B	-1.4935429
	1.1911159
CCDC74B///CCDC74A	-2.1259996
EGF	-1.3046791
NOVA2	-0.9190209
DSG2	-1.7261273
	-1.2026884
PLEKHA5	-1.1782232
MMP10	1.3695481
ALG13	1.9721893
EPS15L1	0.7923744
KIAA0319L	-0.7122919
PDX1	0.8924133
LRRN4	1.0796189
GTF2H3	-1.3067653
PYCR1	0.7385876
FAM3B	-2.0883076
	-1.0535481
UBXN2A	-0.9352034
IKZF1	1.4522944
HOXC13	1.2931558
LINC00924	0.719663
TXNIP	-0.6848194
MICAL3	-1.3163421
CKS1B	1.1848531
	0.7432209
ARID5B	-1.2377152
FGF14-AS2	-1.3398272
CEMP1///AMDHD2	1.1918284
LINC00525	-0.649607
	-1.1746675
SEMA6D	-1.2433832
MYNN	1.2344547
	0.7542896
ACAP3	1.2516715
METTL13	1.2569824
PTPN14	-1.6015214
SATB1-AS1	0.5680614
TNS1	-1.1091571
SLC30A5	1.1640565
FBXO32	-1.2716611
GRAMD1A	0.6660465
AK6///TAF9	0.6491599
ANKRD65	-0.7790118
PDLIM1	-0.559279
MIAT	1.4747301
MIR612///NEAT1	0.8089715
WIPI2	-0.568146
TTC9C	1.0872503
NCOA2	0.736562
SP1	-1.0120408
PCDHB16	-1.337446
CSNK2A2	-0.7118602
LOC101927274	0.9493953
FAXDC2	-1.5275556
HIST1H3F	1.1173302
TES	-0.9549403
BRCC3	0.6485857
	1.0619585
TPR	0.7470348
MYOM1	-1.393989
CPD	-1.2153255
C1GALT1C1	0.8493218
PROX1	-1.1192843
GRK6	0.9263705
	-0.8311195
SEMA6A	-1.8163859
TPM1	-0.5000756
ALDH3B2	-1.4963818
ITK	0.8889445
	-1.2169917
	-0.9733662
PLK2	-1.1872822
SUPT4H1	1.0580716
OTX2	-0.8574867
FAM46B	-0.9827752
IP6K2	-0.8568175
APCDD1L-AS1	0.5014836
RTN4RL1	-0.8544307
LPP-AS2	-1.1741621
TECR	-0.5637644
TFCP2L1	-1.1133861
SATB1	-1.0363151
SLC39A8	-1.0994167
LOC101928973	-1.0308626
COL27A1	-0.7448657
STC2	-1.369677
GLOD5	-1.1950492
TBATA	-0.8306658
	-0.8930102
POLR3H	-0.5997617
LOC101928747///RBMX///SNORD61	-1.559158
MROH2A	-1.2145098
ODF3B	0.6829292
POSTN	1.8478581
	0.9667787
	-2.0951044
STRN	0.8283776
RNF150	-1.6620387
	-1.2839812
DSERG1	-1.0386613
GYPB	-1.2002694
	-1.1471642
	-0.8779096
LOC728445	-0.7182652
THEMIS2	0.8468684
LINC00544	-0.6800891
LOC101929289	0.8341561
SAMMSON	-1.1318133
CXCL11	1.7162707
PTPN21	-1.9177389
CTDSP2	-0.4687093
C6orf62	0.8345625
COL28A1	-0.8481282
TMED8	-0.825603
GNG5	0.6905649
EFS	-1.0424855
NSD1	0.7918533
TMF1	-1.2491523
LOC645513	1.4545982
LOC101928728	-1.7331343
SP100	1.3248713
PRKAA1	1.1967031
POLRMT	0.6749565
HOPX	1.3941544
SGK2	-0.9324537
CBX7	-1.0500784
RBMS1	-1.3457489
PPA2	-1.4192924
ELOVL2	-1.9828438
CLIP1-AS1	1.0917474
LOC101060391	-1.5278568
	0.7048635
	0.7689054
TP53TG5	-0.9390633
TNNC2	-1.0266373
WIPF1	1.0189278
MEX3C	-1.7789269
TGFBI	0.7707054
FBXO28	1.1740759
STAU2	1.0022483
	1.6508234
MIR4697///MIR4697HG	-1.520135
PPARGC1B	1.4289226
HOXC8	1.4199439
PDE4D	-1.3532502
SCAPER	-0.6412137
PLA2R1	-0.8503008
TNFRSF10A	0.8434211
FRS3	0.6609677
REM2	-0.7441404
KIAA0040	1.234546
CALY	-1.1593082
VGF	0.6583705
LAMA3	-1.605485
LOC101927124	-0.9549221
PCDH10	-1.2294054
	0.8926347
ERAP2	1.5393816
EGLN1	-0.8519475
BCAP29	-1.1860764
NUP210	1.1725318
SLC5A10	0.8665583
	1.52498
INTS6	1.0600742
TRIM32	1.0630486
RIF1	-1.4341576
UNC45A	-0.5926351
SMYD5	-1.256083
BCL2L2	-0.7687801
LOC286068	0.8187924
ACSM3	-1.3051869
	-1.1968697
POLN	0.9543523
BTG3	-0.817585
NAA40	-1.1562544
KCND3	-1.3242477
UBASH3B	-1.4551852
HFE	0.627994
C16orf70	0.8453533
	-1.3421369
LOC101928818///PWRN1	0.897234
EML4	0.835496
ZNF207	0.8543749
DLG3	1.1658547
NFIX	-0.8800588
UHRF1BP1L	1.7615975
EXO5	-1.8076252
FER1L6-AS1	0.7819348
SRCAP	-0.7414885
ATXN1L	-0.8002761
LOC100506319	1.0765378
TFCP2	1.3339764
PADI2	-1.0154281
ZNF81	0.5667487
BTBD17	-0.9857152
SNORD68///RPL13	-0.4884005
BBS12	-1.3764541
	0.8449638
WFDC2	-1.0344133
PRDM15	-0.9981785
LOC100505918	0.5238209
SEMA6A	-1.0752834
SULT1B1	0.5591914
IRS1	-1.0592901
APOD	-1.2867699
FNDC9	0.9860704
	1.636167
C1RL	0.9392506
TMF1	1.5229033
COL5A3	1.2795184
SMAD4	-0.7024789
TRNP1	-0.9435054
UHRF1BP1L	0.8277831
GGPS1	0.6536543
ZBTB20	-0.8986106
COL4A5	-1.3189955
TEAD2	-0.9931954
FANCD2OS	0.6999387
SLC38A9	-1.5232211
COL12A1	1.5115336
HM13	-1.2493774
MAPK14	1.1935754
	1.1207058
RPS6KA4	0.61766
NT5C1B-RDH14///NT5C1B	-1.0934389
SERF2-C15ORF63///MIR1282///HYPK///SERF2	0.5416576
	1.1166634
GNL1	-0.9400948
NREP	0.7580131
MICB	1.3219838
SMAD2	-1.2323069
	1.5796814
LL0XNC01-116E7.2	0.9760258
CHDH	-1.1202995
FOXN3	-1.7251546
KANSL3	1.1394355
	0.8930814
TMEM200A	1.4252647
GALR3	-1.0550968
KIF18B	1.1938523
	1.4521928
FAM19A5	0.7828277
CCNE2	1.6272265
FLNB	-1.2567702
	-1.5789743
CNOT6L	-1.6399344
FSIP1	1.6179965
ADH6	0.8993182
	1.0309089
TTC39A	-1.3719787
IL11	-0.9437164
FBXO42	-0.883207
TARS	0.7426232
LINC00685	-0.9869324
CHD9	-0.7009372
LINC01128	0.8076395
IRAK1	0.770641
SLC25A4	-0.5244155
	0.9178576
OVCA2///DPH1	-0.6537418
STUB1	0.6102231
	1.0113179
	-1.1414129
CYP11B1	0.7552977
BLM	1.2008418
LOC105376796	0.91843
SRP72	0.648752
	-1.6989128
LOC101929713	1.7213295
	1.4601224
TVP23C-CDRT4///CDRT4///TVP23C	-0.7846697
IFITM1	0.9152609
FLJ26850	-1.1466406
MXRA7	-1.0027608
AQP6	0.9926436
LURAP1	0.5417645
RSAD2	1.3567947
ATP11A-AS1	0.9073649
METRN	1.1133627
SPANXA2///SPANXB1///SPANXC///SPANXA1	1.3030611
	-1.0566123
EGFR	-1.3113087
MMP24-AS1	1.2118494
EIF2AK4	1.1755067
	1.1243445
LRRN3	1.1344866
TMC5	0.7826192
SLMAP	-1.0969605
ARPC5L	0.8109265
SLC26A1	-1.5088793
DHRSX	1.3807721
	-0.7582184
CTLA4	0.8022247
WIPF1	0.7213872
CUL1	-1.0509515
LOC81691	-1.4087259
EPHA7	-1.4998834
BCL7B	-0.7529948
SIPA1L2	1.2891678
	-1.1207831
AMIGO2	-0.9172237
PRICKLE1	0.8234406
RIMS3	-0.8894036
VPS45	0.6481678
	0.7974786
NLN	-0.7929546
RRM2	1.2635949
	-0.7410929
KREMEN1	-1.0645055
DERA	-1.1382093
PLXDC1	0.9752817
	-1.0284446
VPS13A	-1.3906414
LINC00663	0.7711414
ESYT3	-1.3043766
RSF1	1.4962951
PPAT	1.4508447
NTRK3	-1.1782898
	1.1667593
STOM	-0.8704805
LINC01016	-1.4817502
PIN1P1	0.83207
DUXAP10	1.6278325
FRZB	-0.819307
DAZ4///DAZ2///DAZ3///DAZ1	0.722552
ZSWIM8///SAT1	-0.8660334
ZCCHC2	-1.0901435
ZADH2	-1.4908585
GALK2	1.0716701
BTBD9	0.9404758
ADORA2B	-1.3270708
LITAF	-1.1386384
GDF15	-0.829367
TMC6	0.7840017
RPL37A	-0.7690129
	-0.9078848
ZNF395	-1.1803758
RABGAP1	1.0766388
	-1.574792
HEATR1	1.5631627
PCED1A	1.2771895
FGD5-AS1	-0.8133835
	-2.0200827
CXADR	-1.6655652
LINC01541	-1.4273988
CCDC102B	2.0463393
TPM1	-0.4559914
PIK3C2A	-1.5867278
	-1.150885
SNTB1	1.1340542
CSNK1A1	0.9223126
	-1.0340775
	1.0112919
ZNF286B///ZNF286A	-1.2128288
C9orf84	1.1009585
RPS27A	1.0960331
HTRA1	0.6580827
STEAP3	-0.8866131
FILIP1	1.9900297
SRSF5	-0.663331
HIST1H4J	1.0895824
TDRD7	-0.697961
ELF4	1.3224084
ARPC4-TTLL3///TTLL3///ARPC4	-0.7761545
	0.477029
TTC7B	1.4415736
HIPK2	-0.6144664
FRY	1.1331417
UACA	-1.4211614
PTK2	1.2090081
TCEANC	-0.7769674
TMCO1	0.6453353
MT1HL1	-1.2282563
COPS4	-1.1272235
ANO8	-0.7286788
SERHL2	-1.3247147
LOC101929717	-0.7117041
SPATA6L	-1.0619791
RAB12	1.0632761
FANCA	1.1972615
HSPG2	0.88443
	-1.4625983
	1.0896425
	-0.8477077
MACC1	-1.327326
CD83	1.1360551
MYO15B	-0.5975387
	-0.8196823
STK33	0.7138305
DNALI1	-1.2848234
LOC286154	-1.0553852
BTG1	-0.782526
UHMK1	0.89379
ADARB1	-0.6581561
MUC13	-0.6276429
ZNF514	-0.9460614
AGA	-0.9362037
FBXO25	-0.6906071
TMEM102	-0.906566
ST8SIA4	1.0470087
HOXB-AS3	-0.8972439
ARL5B	1.544403
IFIH1	0.6876021
XYLT1	1.4574109
TAGAP	0.9167238
FUT9	-0.8861542
TATDN3	0.9736667
DCAF13	0.6286981
RBM43	1.2919281
	0.4936325
KLHL7	0.9423856
TMEM216	-0.6573958
SLC25A43	2.0570005
C11orf70	-1.318945
CLDN4	-1.2871964
DLC1	-1.4204269
C17orf62	0.666669
TEAD1	-0.6250519
	1.0949361
DFFB	-1.655146
IGF2BP1	0.6283593
APLP2	-0.6484589
DKK3	-1.2398364
HOMER2	-1.9143073
ELMOD3	-0.8458386
WIPI1	-0.9990869
SLC30A1	1.6916718
CPNE7	0.7551063
SLC26A3	-2.5480253
MAPK14	0.7713985
B3GALT5-AS1	-1.1807969
ERICH1	-1.1326418
PDE1C	-1.3952074
SH2D1A	1.4591053
SLC25A30	1.0366495
ITPR1	1.3845721
CYP4A22///CYP4A11	-1.2959287
TLR3	1.2558539
CELSR2	-0.8650106
LAMB1	1.1754283
	-1.5106964
MROH1	0.9293705
SYCP3	-1.443553
	1.7020706
SAMSN1	1.548998
MGC40069///TRAC///TRAJ17///TRAV20///TRDV2///YME1L1	1.191173
	-0.8223226
	0.6584421
SRGAP2C///SRGAP2B///SRGAP2	1.4499163
LOC646588	-0.7223425
LOC440792	-0.7500173
RPS6KC1	0.8007707
VDAC3	0.5065218
TRAC	0.9682926
OTOP2	-0.6700257
HOXA13	1.1727891
POLQ	0.6872349
IL33	-1.6313556
MDK	-0.6318009
CENPBD1P1	-1.1526155
STAC2	-0.6878298
GATAD2A	1.0291886
QRICH1	0.6886255
FNDC11	1.2900787
	-1.4387755
SLC7A7	1.0097294
ARFGEF2	1.5675003
POPDC2	1.1871729
CD28	1.2007106
OSM	0.9028126
TBC1D14	-0.837493
ECE1	-0.586345
	-1.3720008
NR4A1	-0.9649395
	-1.2278002
TMEM72	0.6949001
	-1.5447854
SLC6A3	0.9132511
	0.6230301
DIP2A	1.2068139
	-1.2509301
CRNN	-1.0010654
GULP1	0.7564405
ATP6V1C2	-1.5410518
GCH1	1.6473661
RFX4	-0.9627581
STUB1	0.6128552
WISP3	-1.6896054
FAAP24	0.6118485
HMOX2	0.6717252
UBE2W	0.8815999
GRK4	-1.6213981
HACD1	-1.1156612
ZNF311	-1.2827213
DDHD1	1.4130217
H2AFZ	0.643848
IRX4	-1.2160227
	-1.1051331
C6orf136	-1.2950516
RNF207	-0.832144
FLJ37453	-0.9360483
	0.9199773
CLDN2	-0.8380187
RAB27A	-0.9596578
CMTM8	-1.552036
NSUN7	-1.6899159
LOC90246	0.8832062
NCKAP1L	0.6183467
KIAA2022	0.8539698
BHLHE41	-1.5302798
PLXDC2	0.8027982
	0.9026837
LOC285692	-1.1822548
	-0.8135618
TRPA1	1.004908
ZNF497	1.6699693
ERN2	-0.7335436
ADGRF2	0.9614368
PAFAH1B1	-0.5205416
	0.7807764
MTDH	0.60123
WNT2	1.0538604
MAN2B1	0.8906071
COL1A1	0.6038657
PRPF8	-0.8052431
LOC284080	0.8019155
LOC101928551	-1.2655696
TRAC///TRAJ17///TRAV20///TRDV2	1.3417049
CRISPLD2	1.0023453
KPNA2	0.7780839
NR2F6	-0.5708351
TUSC3	-1.2564157
	-1.2366054
CFLAR	-0.7069665
RARRES1	-1.7765517
POLR3H	0.9523171
SPCS3	-1.0936288
	-0.8035535
	-1.3405013
	-1.2658413
KRT7	-1.0195509
PPIL2	-0.6684198
	0.9192291
LINC00884	0.5233042
MIR7112///BOP1	1.6084605
ZNF169	0.8030684
RNF123	1.4572649
ELK3	0.9725313
METTL8	-1.1092492
	-1.0726838
DCBLD2	-0.9745731
CENPJ	0.7989357
OSGIN1	-1.0814925
HOXB1	0.8645545
	-1.3926944
PDE8A	1.0966919
DHX34	-0.9754069
LOC100505797	0.9437546
ARID5A	-0.785539
SRSF8	-0.6767824
TTLL11	1.0501728
HNF4A	0.5970673
	-1.349838
ANOS1	0.9432626
	-0.9774933
UBA6	0.8536755
LINC01449	-0.9939637
WDR59	-1.0783844
RNF213	0.9669044
	0.811396
	0.568305
LOC101929500///CRIM1	-0.9411248
HTR2C	1.0690551
NOX4	2.010921
EGR1	-0.8703361
TREML3P	-0.8730224
CYP26B1	-1.9277936
PDE4D	1.3718008
GDF11	0.676846
CSE1L	1.0873863
LOC728073	0.9215353
MED6	0.7635563
	-0.8790386
FNBP4	-0.6096433
LOC730101	1.2896039
CYR61	-0.8332616
HOXA3	-1.3158743
ITSN1	0.5203703
KCNN3	0.9421679
ZNF92	-1.2925578
PELO	-1.1950693
SPIN1	-0.6883309
DNAJC21	1.0104678
	-0.9351655
ADAMTS6	1.2358999
ESD	1.0526348
AHNAK	-1.2471337
	-0.6302393
	0.9624926
RAPGEF2	-1.1534313
SDHC	1.3711455
ATP6V1C1	0.7643647
	-0.5000486
C17orf80	0.9137169
PLXNB1	-1.2129443
LINC00689	-0.7189981
ATP6V1G2	0.4967205
	0.7051534
LOC100506639///ZNF131	0.7464814
STON2	-1.030743
HNRNPU	0.9545993
F11	-1.0721752
GPSM3	0.9731237
NUSAP1	1.3627378
SATB2-AS1	0.964435
HOXD9	-0.9447885
ALOX12B	-0.9953594
TSNAXIP1	-0.8016385
MRPS10	1.7692531
SRRT	-0.6082244
TCF21	-0.524033
MTMR3	1.2317089
CYP17A1	-0.9567333
	-0.6187735
LOC101929964///LINC01184	-1.5155108
MAFF	-0.8219034
	-1.3827338
ROR2	-1.3074694
LINC01588	1.3862026
IGSF1	-1.2208144
AGPS	0.9347518
XYLB	-1.2732958
	-1.2027415
DHX57	-1.4706084
AP1S2	0.8838445
TTC9	-1.3255694
NADSYN1	-0.7977124
PWWP2B	0.6214438
ZNF560	-0.8833947
DHX40	0.7263717
SLC6A2	-1.0980238
CAPN1	0.9695568
KCMF1	1.6777241
MTDH	0.8291533
SLC18B1	-1.2923354
HAUS7///TREX2	0.9545044
H2AFJ	-1.5858155
NUP210L	1.2540501
NCS1	-1.2323096
MMAB	-1.5007072
LINC00347	-0.8997524
MISP	1.4865388
EIF4G3	1.2199746
TRMT10B	-0.8690944
NPHP3	-1.0362314
RNF150	-1.9245838
EHF	-1.4895133
DR1	1.194887
BEST1	1.196175
MYOF	-1.1852305
LRRC32	1.7097192
C5orf34	0.881652
RPA1	-0.9552387
CDH6	1.537247
TSTD2	-1.2379195
	-0.9124133
	0.9162162
GRIN2D	0.8423904
TPP1	0.661386
ATP1A2	-1.3249221
GNA11	-0.6969049
MTURN	-1.1689339
DIP2C	1.2343215
FAM172A	0.7297651
HACD4	-0.861244
LOC101929450	-0.8039192
CCDC90B	1.2373111
CBR3-AS1	-1.3771102
IGHG1	0.9497978
SCRIB	0.6206051
GPATCH3	-0.7994493
BIK	1.5507184
COL5A1	1.6039634
EXTL3-AS1	-0.8844806
TMEM184C	-0.6397863
KCTD9	-1.2464354
MIR1282///HYPK///SERF2	0.6612522
ZHX3	-0.7185756
MAPK7	-0.879968
	-0.8885939
IKBKG	0.6051664
MIR15A///DLEU2	1.7692093
MAGEF1	-0.5968379
FAM228B	-0.8680371
TMEM75	-0.9893418
LYST	1.0492152
ATL3	-0.9790618
MICALL2	0.7148426
LOC100505782	0.9768949
MYH3	-1.4335212
	-0.6746751
DYNC1LI2	-0.4201565
ITGA11	1.0855062
	1.0615591
LOC101929132	-1.3207303
MDH1B	-1.0590226
EFR3B	0.7191843
RAP2A	1.2297062
ADNP	0.9195052
	-0.6500191
CYP2C8	0.743459
	0.6998438
LOC101930489///LINC00152	0.953795
	1.2561278
EMG1	1.3787956
SEMA4A	0.7803069
	-1.6910452
BRCA1	1.942318
UGGT2	-1.9229433
	-1.4347575
PLD4	0.6968951
AVIL	-1.294303
TMEM70	0.6807734
ZNF431	-1.2198588
HIST1H2AH///HIST1H2AG///HIST1H2AM///HIST1H2AL///HIST1H2AK///HIST1H2AI	0.7827843
FASTKD5	0.6159656
UNC13C	-0.7264267
ANKRD19P	0.886822
THAP11	-0.9222023
TRABD2A	1.1587576
SDPR	-1.9114921
SP140L	0.7364503
ZNF546	1.3010366
TSPAN6	-1.077064
ARMCX4	-1.5818794
	1.0747648
FAM95A	1.1391998
LINC00397	-1.0403052
KMT2B	-1.3317971
ADCY2	0.5056953
ALPL	-0.7311598
TTC22	-1.163657
STK32C	0.6537169
FAM124B	1.884755
ZNF777	-0.8473402
VPS41	0.662459
IRF3	-0.5568653
LOC101928818///PWRN1	-0.8975185
TMEM54	-0.9472122
SGCB	1.0886687
SMC4	2.1841906
CHTF18	0.7160983
CASP4	0.7605686
	0.639491
PVRL3-AS1	-0.887563
NHLRC2	0.7214971
GSPT1	1.4085923
LOC105370829	0.4797171
MFNG	0.8203135
AMPD3	0.7833415
LILRB5	1.4182737
	-1.0892004
LOC643659	-0.8009724
TMEM243	-1.1590613
ZFYVE16	-1.674476
MRPL42	0.8259611
RNF207	0.806351
HLA-G	0.713714
HTATIP2	0.8223447
MTHFSD	-0.9906829
NSG1	-0.9688445
DCAF6	0.6100909
RING1	-0.4694032
	-0.9464557
SYN2	-1.0683496
PSG5	0.9061815
RAP2C	1.2651932
ACSS1	1.0920354
MIR3150B///MIR3150A///LOC286149	0.6242705
JAKMIP1	1.0272728
PWP1	0.6880519
	-0.7809832
	0.6195769
LOC101927734	-1.4472054
MAPKAPK3	0.7264647
CFLAR	-0.7460415
	-1.1685426
ARID1B	0.8435211
KCTD7///RABGEF1	-0.9093328
POLR2F	-0.934404
YPEL2	-1.1865228
HDHD3	-0.875671
WNK1	0.7758447
SSTR5	-0.9158516
LOC105374676	-0.9657299
HMGCS1	1.0266785
PRKAR2A	-1.0024013
ARHGAP9	1.2126691
USH2A	1.1558577
	1.11531
GAB1	-1.3186534
	-0.6985109
NIFK-AS1	0.5951025
ZNF367	1.3350104
	-0.8281706
PTTG3P	1.5762262
LINC00161	-1.2576218
	-1.0855134
RBL1	0.9102392
TRIM66	-0.7123714
	-1.4315139
	0.6454803
	0.717689
EMC1	1.4238212
ARRDC4	-0.8503718
IER2	-0.6267332
NUB1	-1.0949485
	-0.8699715
CADM2	-0.8394234
CYP1B1-AS1	-0.8010505
KRT2	0.589646
NR2F1-AS1	1.6367259
WFDC2	-1.3349183
MFSD12	0.5419127
	0.8317468
HMGB2	0.6931424
HERC6	1.0295162
LOC101928618	1.16065
CD2BP2	0.7551172
TMPRSS5	0.648344
SIPA1L3	0.8524178
GPR26	1.1156669
TTC9B	-0.9629312
ZSCAN9	1.4832856
	-1.3966606
FAM171B	-1.446567
ASCL2	1.3840468
SPTBN1	-1.1246731
	0.6965961
	1.4424536
CDHR3	-1.1947285
DUSP16	-1.1606606
PUM1	-1.2095005
LINC00563	0.6013198
CLTA	0.7202408
SDCBP2-AS1	-1.3791012
	0.7159737
	0.8589619
